

create table [dbo].[user] (
	[user_id] INT  IDENTITY (1, 1) NOT NULL,
	[first_name] VARCHAR(50),
	[last_name] VARCHAR(50),
	[city] VARCHAR(50),
	[gender] VARCHAR(50),
	[country] VARCHAR(50),
	[description] VARCHAR(50),
	[profile_image] VARCHAR(255),
	[username] VARCHAR(50)  NOT NULL,
	[password] VARCHAR(50)  NOT NULL,
	[email] VARCHAR(50)  NOT NULL,
	[permision] VARCHAR(15) NOT NULL CHECK ([permision] IN('ADMIN', 'USER')) DEFAULT 'USER',
	PRIMARY KEY CLUSTERED ([user_id] ASC)
);

create table [dbo].[post] (
	[post_id] INT  IDENTITY (1, 1) NOT NULL,
	[user_id] INT NOT NULL,
	[title] TEXT NOT NULL,
	[image]   TEXT NULL,
	[date_created] DATE NOT NULL DEFAULT GETDATE(),
	[content] TEXT NULL,
	PRIMARY KEY CLUSTERED ([post_id] ASC),
	CONSTRAINT [FK_user_id_post] FOREIGN KEY ([user_id]) REFERENCES [dbo].[user] ([user_id])
);

create table [dbo].[commentaire] (
	[post_id] INT NOT NULL,
	[user_id] INT NOT NULL,
	[commentaire_id] INT IDENTITY (1, 1) NOT NULL,
	[tagged_user_id] INT,
	[message] VARCHAR(50) NOT NULL,
	[date_created] DATE NOT NULL,
	PRIMARY KEY CLUSTERED ([commentaire_id] ASC),
	CONSTRAINT [FK_user_id_commentaire] FOREIGN KEY ([user_id]) REFERENCES [dbo].[user] ([user_id]) ,
	CONSTRAINT [FK_post_id_commentaire] FOREIGN KEY ([post_id]) REFERENCES [dbo].[post] ([post_id])
);

create table [dbo].[like] (
	[user_id] INT NOT NULL,
	[post_id] INT NOT NULL,
	primary key (user_id, post_id),
	CONSTRAINT [FK_user_id_like] FOREIGN KEY ([user_id]) REFERENCES [dbo].[user] ([user_id]),
	CONSTRAINT [FK_post_id_like] FOREIGN KEY ([post_id]) REFERENCES [dbo].[post] ([post_id])
);



ALTER TABLE  [commentaire] NOCHECK CONSTRAINT ALL
ALTER TABLE  [like] NOCHECK CONSTRAINT ALL
ALTER TABLE  [post] NOCHECK CONSTRAINT ALL
SET IDENTITY_INSERT [user] ON 

INSERT [user] ([user_id], [first_name], [last_name], [city], [gender], [country], [description], [profile_image], [username], [password], [email]) VALUES (1, N'Ingmar', N'Ciobotaro', N'Qozonketkan', N'Male', N'Uzbekistan', N'Persevering directional access', N'https://robohash.org/etestplaceat.bmp?size=50x50&set=set1', N'iciobotaro0', N'Zd1yLy9X3', N'iciobotaro0@usatoday.com')
INSERT [user] ([user_id], [first_name], [last_name], [city], [gender], [country], [description], [profile_image], [username], [password], [email]) VALUES (2, N'Rudolph', N'Jennins', N'Na Thawi', N'Male', N'Thailand', N'Decentralized mobile software', N'https://robohash.org/delenitiodittempora.bmp?size=50x50&set=set1', N'rjennins1', N'sxBvLhN', N'rjennins1@meetup.com')
INSERT [user] ([user_id], [first_name], [last_name], [city], [gender], [country], [description], [profile_image], [username], [password], [email]) VALUES (3, N'Luke', N'Luffman', N'???????', N'Male', N'Macedonia', N'Synergized discrete portal', N'https://robohash.org/explicaboconsequunturdolore.bmp?size=50x50&set=set1', N'lluffman2', N'Uok1NMJs', N'lluffman2@google.co.jp')
INSERT [user] ([user_id], [first_name], [last_name], [city], [gender], [country], [description], [profile_image], [username], [password], [email]) VALUES (4, N'Bailie', N'Lorincz', N'Artémida', N'Male', N'Greece', N'Business-focused maximized circuit', N'https://robohash.org/doloremsintnulla.png?size=50x50&set=set1', N'blorincz3', N'ixwxN347cSqb', N'blorincz3@ow.ly')
INSERT [user] ([user_id], [first_name], [last_name], [city], [gender], [country], [description], [profile_image], [username], [password], [email]) VALUES (5, N'Leoine', N'Kingdom', N'Gempolan Wetan', N'Female', N'Indonesia', N'Inverse foreground archive', N'https://robohash.org/etabenim.png?size=50x50&set=set1', N'lkingdom4', N'R4MpBP', N'lkingdom4@wunderground.com')
INSERT [user] ([user_id], [first_name], [last_name], [city], [gender], [country], [description], [profile_image], [username], [password], [email]) VALUES (6, N'Con', N'Darville', N'Shuangxiqiao', N'Male', N'China', N'Horizontal 3rd generation hub', N'https://robohash.org/velitdoloremaliquid.png?size=50x50&set=set1', N'cdarville5', N'O4OwyO5O6', N'cdarville5@instagram.com')
INSERT [user] ([user_id], [first_name], [last_name], [city], [gender], [country], [description], [profile_image], [username], [password], [email]) VALUES (7, N'Griffin', N'Phair', N'Erfangping', N'Male', N'China', N'Open-architected didactic system engine', N'https://robohash.org/quidemutporro.bmp?size=50x50&set=set1', N'gphair6', N'rMRCKZr', N'gphair6@netlog.com')
INSERT [user] ([user_id], [first_name], [last_name], [city], [gender], [country], [description], [profile_image], [username], [password], [email]) VALUES (8, N'Jude', N'Ivens', N'Ponta Grossa', N'Male', N'Brazil', N'Centralized heuristic firmware', N'https://robohash.org/adipisciremut.png?size=50x50&set=set1', N'jivens7', N'sF5IZ4Y', N'jivens7@google.es')
INSERT [user] ([user_id], [first_name], [last_name], [city], [gender], [country], [description], [profile_image], [username], [password], [email]) VALUES (9, N'Madelena', N'Sawford', N'Jabinyanah', N'Female', N'Tunisia', N'Innovative reciprocal focus group', N'https://robohash.org/omnisrepellendussit.jpg?size=50x50&set=set1', N'msawford8', N'R9jKryGLgo', N'msawford8@geocities.jp')
INSERT [user] ([user_id], [first_name], [last_name], [city], [gender], [country], [description], [profile_image], [username], [password], [email]) VALUES (10, N'Chester', N'Woffinden', N'Jijiga', N'Male', N'Ethiopia', N'Stand-alone zero tolerance capacity', N'https://robohash.org/eaqueconsecteturid.png?size=50x50&set=set1', N'cwoffinden9', N'JIQRteBUvyR', N'cwoffinden9@slideshare.net')
INSERT [user] ([user_id], [first_name], [last_name], [city], [gender], [country], [description], [profile_image], [username], [password], [email]) VALUES (11, N'Anny', N'Zaple', N'Bayaguana', N'Female', N'Dominican Republic', N'Versatile web-enabled concept', N'https://robohash.org/estquisvoluptatem.jpg?size=50x50&set=set1', N'azaplea', N'QGSYwYv', N'azaplea@pinterest.com')
INSERT [user] ([user_id], [first_name], [last_name], [city], [gender], [country], [description], [profile_image], [username], [password], [email]) VALUES (12, N'Hube', N'Digle', N'Dachang', N'Male', N'China', N'Multi-tiered actuating initiative', N'https://robohash.org/exercitationemvoluptatemdolor.bmp?size=50x50&set=set1', N'hdigleb', N'e5XsNiy', N'hdigleb@whitehouse.gov')
INSERT [user] ([user_id], [first_name], [last_name], [city], [gender], [country], [description], [profile_image], [username], [password], [email]) VALUES (13, N'Roxine', N'Diemer', N'Il’inskiy', N'Female', N'Russia', N'Upgradable needs-based encryption', N'https://robohash.org/estdolorquis.png?size=50x50&set=set1', N'rdiemerc', N'j112tNe6o', N'rdiemerc@about.com')
INSERT [user] ([user_id], [first_name], [last_name], [city], [gender], [country], [description], [profile_image], [username], [password], [email]) VALUES (14, N'Jessie', N'Stappard', N'Cái D?u', N'Female', N'Vietnam', N'Pre-emptive maximized portal', N'https://robohash.org/verovoluptatesquod.png?size=50x50&set=set1', N'jstappardd', N'aJwoqLCl', N'jstappardd@fotki.com')
INSERT [user] ([user_id], [first_name], [last_name], [city], [gender], [country], [description], [profile_image], [username], [password], [email]) VALUES (15, N'Bendicty', N'Tapner', N'Beihe', N'Male', N'China', N'Phased maximized throughput', N'https://robohash.org/ipsamlaboriosamut.jpg?size=50x50&set=set1', N'btapnere', N'hJIsDU', N'btapnere@booking.com')
INSERT [user] ([user_id], [first_name], [last_name], [city], [gender], [country], [description], [profile_image], [username], [password], [email]) VALUES (16, N'Cecil', N'Parrington', N'La Libertad', N'Male', N'Philippines', N'Phased transitional framework', N'https://robohash.org/ametsitquia.jpg?size=50x50&set=set1', N'cparringtonf', N'LM8QSVQeUz', N'cparringtonf@com.com')
INSERT [user] ([user_id], [first_name], [last_name], [city], [gender], [country], [description], [profile_image], [username], [password], [email]) VALUES (17, N'Ethelda', N'Bloxland', N'Ourense', N'Female', N'Spain', N'Fundamental grid-enabled moratorium', N'https://robohash.org/sedveritatisdistinctio.jpg?size=50x50&set=set1', N'ebloxlandg', N'RtVCii', N'ebloxlandg@wiley.com')
INSERT [user] ([user_id], [first_name], [last_name], [city], [gender], [country], [description], [profile_image], [username], [password], [email]) VALUES (18, N'Aimee', N'Kinnie', N'Barrancabermeja', N'Female', N'Colombia', N'Enterprise-wide user-facing productivity', N'https://robohash.org/itaquenumquamducimus.bmp?size=50x50&set=set1', N'akinnieh', N'M9D4CG5VG', N'akinnieh@photobucket.com')
INSERT [user] ([user_id], [first_name], [last_name], [city], [gender], [country], [description], [profile_image], [username], [password], [email]) VALUES (19, N'Nobie', N'Deinhard', N'Helsingborg', N'Male', N'Sweden', N'Total contextually-based internet solution', N'https://robohash.org/delenitiutvoluptatem.png?size=50x50&set=set1', N'ndeinhardi', N'zTAni81P', N'ndeinhardi@nifty.com')
INSERT [user] ([user_id], [first_name], [last_name], [city], [gender], [country], [description], [profile_image], [username], [password], [email]) VALUES (20, N'Olav', N'Butts', N'Basey', N'Male', N'Philippines', N'Networked multi-tasking analyzer', N'https://robohash.org/idreprehenderitex.png?size=50x50&set=set1', N'obuttsj', N'LAe1IG8BSqwv', N'obuttsj@newyorker.com')
INSERT [user] ([user_id], [first_name], [last_name], [city], [gender], [country], [description], [profile_image], [username], [password], [email]) VALUES (21, N'Anica', N'Abelson', N'Tiraspol', N'Female', N'Moldova', N'Extended secondary concept', N'https://robohash.org/maximesintsaepe.jpg?size=50x50&set=set1', N'aabelsonk', N'pqbmDizxr6', N'aabelsonk@typepad.com')
INSERT [user] ([user_id], [first_name], [last_name], [city], [gender], [country], [description], [profile_image], [username], [password], [email]) VALUES (22, N'Boot', N'Grane', N'Duma', N'Male', N'China', N'Adaptive scalable help-desk', N'https://robohash.org/errorquodet.png?size=50x50&set=set1', N'bgranel', N'afrSvEJZEDu', N'bgranel@360.cn')
INSERT [user] ([user_id], [first_name], [last_name], [city], [gender], [country], [description], [profile_image], [username], [password], [email]) VALUES (23, N'Dagny', N'Sea', N'Menuma', N'Male', N'Japan', N'Customizable disintermediate secured line', N'https://robohash.org/consequaturtotamipsam.png?size=50x50&set=set1', N'dseam', N'RjHs4Ohp', N'dseam@vimeo.com')
INSERT [user] ([user_id], [first_name], [last_name], [city], [gender], [country], [description], [profile_image], [username], [password], [email]) VALUES (24, N'Bevin', N'Espinosa', N'Gio Linh', N'Male', N'Vietnam', N'Organic full-range toolset', N'https://robohash.org/quifacereperspiciatis.png?size=50x50&set=set1', N'bespinosan', N'p1w51SvmjG', N'bespinosan@naver.com')
INSERT [user] ([user_id], [first_name], [last_name], [city], [gender], [country], [description], [profile_image], [username], [password], [email]) VALUES (25, N'Kathye', N'McKinna', N'Gložan', N'Female', N'Serbia', N'Exclusive empowering challenge', N'https://robohash.org/estimpeditaliquid.bmp?size=50x50&set=set1', N'kmckinnao', N'N0Iu69', N'kmckinnao@harvard.edu')
INSERT [user] ([user_id], [first_name], [last_name], [city], [gender], [country], [description], [profile_image], [username], [password], [email]) VALUES (26, N'Riane', N'Slaight', N'Negotin', N'Female', N'Serbia', N'Multi-channelled background open architecture', N'https://robohash.org/estvoluptatempraesentium.jpg?size=50x50&set=set1', N'rslaightp', N'rLlH8yBYy7a', N'rslaightp@netvibes.com')
INSERT [user] ([user_id], [first_name], [last_name], [city], [gender], [country], [description], [profile_image], [username], [password], [email]) VALUES (27, N'Kiri', N'Dufton', N'Letsheng', N'Female', N'Botswana', N'Versatile clear-thinking moratorium', N'https://robohash.org/excepturirationevitae.png?size=50x50&set=set1', N'kduftonq', N'U4DHcElDc2', N'kduftonq@phoca.cz')
INSERT [user] ([user_id], [first_name], [last_name], [city], [gender], [country], [description], [profile_image], [username], [password], [email]) VALUES (28, N'Brunhilde', N'Shakshaft', N'Preobrazhenka', N'Female', N'Ukraine', N'Inverse tertiary forecast', N'https://robohash.org/quimolestiasquasi.jpg?size=50x50&set=set1', N'bshakshaftr', N'Ru7ZBf8uy', N'bshakshaftr@pinterest.com')
INSERT [user] ([user_id], [first_name], [last_name], [city], [gender], [country], [description], [profile_image], [username], [password], [email]) VALUES (29, N'Garvin', N'Thorbon', N'Wola Rebkowska', N'Male', N'Poland', N'Multi-channelled explicit array', N'https://robohash.org/perspiciatisanimidolor.png?size=50x50&set=set1', N'gthorbons', N'3iE6m4mBI6K', N'gthorbons@phpbb.com')
INSERT [user] ([user_id], [first_name], [last_name], [city], [gender], [country], [description], [profile_image], [username], [password], [email]) VALUES (30, N'Arnie', N'Elvey', N'Dianbu', N'Male', N'China', N'Stand-alone asymmetric synergy', N'https://robohash.org/autemmollitiaest.jpg?size=50x50&set=set1', N'aelveyt', N'x1ce7YaZUP', N'aelveyt@gmpg.org')
INSERT [user] ([user_id], [first_name], [last_name], [city], [gender], [country], [description], [profile_image], [username], [password], [email]) VALUES (31, N'Deeanne', N'Loxston', N'Seogeom-ri', N'Female', N'South Korea', N'Operative empowering productivity', N'https://robohash.org/eosautsunt.jpg?size=50x50&set=set1', N'dloxstonu', N'zHsDcXCwO', N'dloxstonu@histats.com')
INSERT [user] ([user_id], [first_name], [last_name], [city], [gender], [country], [description], [profile_image], [username], [password], [email]) VALUES (32, N'Vail', N'Dunmore', N'Hufang', N'Male', N'China', N'Phased value-added utilisation', N'https://robohash.org/deseruntrecusandaemagnam.bmp?size=50x50&set=set1', N'vdunmorev', N'aV34Tpd', N'vdunmorev@hc360.com')
INSERT [user] ([user_id], [first_name], [last_name], [city], [gender], [country], [description], [profile_image], [username], [password], [email]) VALUES (33, N'Tate', N'Proud', N'Cisantri', N'Female', N'Indonesia', N'Organized asymmetric initiative', N'https://robohash.org/molestiaeexercitationemautem.bmp?size=50x50&set=set1', N'tproudw', N'OcZVxraS', N'tproudw@slashdot.org')
INSERT [user] ([user_id], [first_name], [last_name], [city], [gender], [country], [description], [profile_image], [username], [password], [email]) VALUES (34, N'De witt', N'Skrine', N'Samphanthawong', N'Male', N'Thailand', N'Team-oriented heuristic open architecture', N'https://robohash.org/sitquibusdamex.png?size=50x50&set=set1', N'dskrinex', N'hEaLJTkVoRe', N'dskrinex@ihg.com')
INSERT [user] ([user_id], [first_name], [last_name], [city], [gender], [country], [description], [profile_image], [username], [password], [email]) VALUES (35, N'Ailina', N'Spreull', N'Puerto Francisco de Orellana', N'Female', N'Ecuador', N'Persistent cohesive interface', N'https://robohash.org/ipsasedducimus.png?size=50x50&set=set1', N'aspreully', N'PyEZePeLkO', N'aspreully@archive.org')
INSERT [user] ([user_id], [first_name], [last_name], [city], [gender], [country], [description], [profile_image], [username], [password], [email]) VALUES (36, N'Karin', N'Couronne', N'Melchor Ocampo', N'Female', N'Mexico', N'Open-source exuding functionalities', N'https://robohash.org/porrosapienteeius.png?size=50x50&set=set1', N'kcouronnez', N'5qRrmPrnHrD', N'kcouronnez@blogtalkradio.com')
INSERT [user] ([user_id], [first_name], [last_name], [city], [gender], [country], [description], [profile_image], [username], [password], [email]) VALUES (37, N'Zorine', N'Beel', N'Algueirão', N'Female', N'Portugal', N'Reactive solution-oriented open system', N'https://robohash.org/utquameaque.png?size=50x50&set=set1', N'zbeel10', N'l2biLJkL43r', N'zbeel10@studiopress.com')
INSERT [user] ([user_id], [first_name], [last_name], [city], [gender], [country], [description], [profile_image], [username], [password], [email]) VALUES (38, N'Bruno', N'Fairpool', N'Banjar Dauhpura', N'Male', N'Indonesia', N'Implemented 24/7 hierarchy', N'https://robohash.org/placeatnostrumet.jpg?size=50x50&set=set1', N'bfairpool11', N'OFcX7eOtBtvi', N'bfairpool11@privacy.gov.au')
INSERT [user] ([user_id], [first_name], [last_name], [city], [gender], [country], [description], [profile_image], [username], [password], [email]) VALUES (39, N'Ellene', N'Quinane', N'Machalí', N'Female', N'Chile', N'Triple-buffered value-added encoding', N'https://robohash.org/nonmagnamut.jpg?size=50x50&set=set1', N'equinane12', N'D9I4mdS', N'equinane12@adobe.com')
INSERT [user] ([user_id], [first_name], [last_name], [city], [gender], [country], [description], [profile_image], [username], [password], [email]) VALUES (40, N'Sol', N'Martinyuk', N'Shangfang', N'Male', N'China', N'Horizontal 6th generation adapter', N'https://robohash.org/culpafacerereprehenderit.jpg?size=50x50&set=set1', N'smartinyuk13', N'y0ohN62lw3h', N'smartinyuk13@mac.com')
INSERT [user] ([user_id], [first_name], [last_name], [city], [gender], [country], [description], [profile_image], [username], [password], [email]) VALUES (41, N'Maia', N'McIlwrath', N'Áno Merá', N'Female', N'Greece', N'Cross-platform secondary standardization', N'https://robohash.org/quisquamconsequaturodio.png?size=50x50&set=set1', N'mmcilwrath14', N'bmrLh6BQM0K', N'mmcilwrath14@buzzfeed.com')
INSERT [user] ([user_id], [first_name], [last_name], [city], [gender], [country], [description], [profile_image], [username], [password], [email]) VALUES (42, N'Silvio', N'McMurthy', N'Ciudad Guayana', N'Male', N'Venezuela', N'Integrated explicit concept', N'https://robohash.org/oditvelitnumquam.bmp?size=50x50&set=set1', N'smcmurthy15', N'6Ezr3KYUtjv', N'smcmurthy15@vk.com')
INSERT [user] ([user_id], [first_name], [last_name], [city], [gender], [country], [description], [profile_image], [username], [password], [email]) VALUES (43, N'Fanchon', N'Kempshall', N'Carenang Lor', N'Female', N'Indonesia', N'Diverse motivating task-force', N'https://robohash.org/culpaoditdoloremque.bmp?size=50x50&set=set1', N'fkempshall16', N'd45mNQ', N'fkempshall16@simplemachines.org')
INSERT [user] ([user_id], [first_name], [last_name], [city], [gender], [country], [description], [profile_image], [username], [password], [email]) VALUES (44, N'Gilberta', N'Webley', N'Vlissingen', N'Female', N'Netherlands', N'Triple-buffered mission-critical methodology', N'https://robohash.org/nonatqueet.jpg?size=50x50&set=set1', N'gwebley17', N'Z7wYLTYYLJ', N'gwebley17@amazon.co.uk')
INSERT [user] ([user_id], [first_name], [last_name], [city], [gender], [country], [description], [profile_image], [username], [password], [email]) VALUES (45, N'Alta', N'Hardeman', N'Padangpanjang', N'Female', N'Indonesia', N'Front-line dedicated pricing structure', N'https://robohash.org/nobissuntmagni.bmp?size=50x50&set=set1', N'ahardeman18', N'bovwSPc', N'ahardeman18@google.nl')
INSERT [user] ([user_id], [first_name], [last_name], [city], [gender], [country], [description], [profile_image], [username], [password], [email]) VALUES (46, N'Fredericka', N'Rosario', N'El Zapote', N'Female', N'Mexico', N'Pre-emptive directional complexity', N'https://robohash.org/optiominusea.png?size=50x50&set=set1', N'frosario19', N'Toi9MX9', N'frosario19@stanford.edu')
INSERT [user] ([user_id], [first_name], [last_name], [city], [gender], [country], [description], [profile_image], [username], [password], [email]) VALUES (47, N'Jdavie', N'Melarkey', N'Tebingtinggi', N'Male', N'Indonesia', N'Ameliorated executive algorithm', N'https://robohash.org/sequiofficiamodi.bmp?size=50x50&set=set1', N'jmelarkey1a', N'gMSnpa', N'jmelarkey1a@who.int')
INSERT [user] ([user_id], [first_name], [last_name], [city], [gender], [country], [description], [profile_image], [username], [password], [email]) VALUES (48, N'Cassi', N'Hagley', N'Barta‘ah ash Sharqiyah', N'Female', N'Palestinian Territory', N'Face to face exuding framework', N'https://robohash.org/totamrepellataliquid.jpg?size=50x50&set=set1', N'chagley1b', N'AuXbdgA', N'chagley1b@msu.edu')
INSERT [user] ([user_id], [first_name], [last_name], [city], [gender], [country], [description], [profile_image], [username], [password], [email]) VALUES (49, N'Zilvia', N'Drust', N'Räpina', N'Female', N'Estonia', N'Inverse zero defect hub', N'https://robohash.org/autemdolorsed.bmp?size=50x50&set=set1', N'zdrust1c', N'Pg8I1Np', N'zdrust1c@toplist.cz')
INSERT [user] ([user_id], [first_name], [last_name], [city], [gender], [country], [description], [profile_image], [username], [password], [email]) VALUES (50, N'Bernard', N'Pothecary', N'Bandar ‘Abbas', N'Male', N'Iran', N'Versatile tertiary functionalities', N'https://robohash.org/quodetdeserunt.png?size=50x50&set=set1', N'bpothecary1d', N'gYEedzi', N'bpothecary1d@newsvine.com')
SET IDENTITY_INSERT [user] OFF
SET IDENTITY_INSERT [post] ON 

insert into [post] (post_id, user_id, title, image, date_created, content) values (1, 1, 'Loxdale', null, '2019-11-16 16:36:05', 'In hac habitasse platea dictumst.');
insert into [post] (post_id, user_id, title, image, date_created, content) values (2, 2, 'Corrao', 'iVBORw0KGgoAAAANSUhEUgAAABAAAAAQCAYAAAAf8/9hAAAABGdBTUEAAK/INwWK6QAAABl0RVh0U29mdHdhcmUAQWRvYmUgSW1hZ2VSZWFkeXHJZTwAAAJ8SURBVBgZBcHda5V1AADg5/d73/d42g66bF8ZTgbbxcpoKaNJXWQ3fUJJdRF5JxRF5EGEboIZ/QPiTeFNGF03GFiRUSZiUGxlSlnqtsZya6ustY9z3vPx9jyhfkRXacCEVBVARARABAA0ccvJfME7aWnAhOGDVX37STJiSgjEQIjEQAxICAgoWtz6rlr6ZEoqVdW3n3pC/xgJVn7izxliJImIJAiRoqDSTe8+eqeqKUgyYpkHDwEO0djg+jlunKW1jkBRIHB7mfJdtInaCCmbS1yZZPYiG6tkndz7HE+eYtc4INBoUGvQzMlJRcTA5hJXPyIG0kj3KKOH2THAQ0eZOc2Nc9Sb5HUaLWpEERH9Y7zwIY+9y9CzrM3y5VssXAD2vULfKPU6tSaNJjlRGxICsk56RnjgZZ44Rdcg0+8zfx44cJRiG7UGjRY1ooiAvy/z6ZtMn2ZjlayDR96mcg8XTrK+TKnC3meoNWm0yUlFxEgR2Vph4SuWvuX+w+x5lAPH+fgNi++9ZvHarzZ+uy4rp3avtw3mpNoQSArGj5NVWPiamQ/oHqHSZ3EluL2ybPT5I7YN3mfrx8/9fPEL6WYUQSzo2cuuMXpG2P0wa/9wZRLMTX9j6OCLyjfPC2de0jE7ac/ATvONIAUCWys0Nsk6WL1Jvc7vv4B89Q/l/kGeOgYgPXG3vB2kchRNtPjsGNkOFi5TbzL7PWdelXWWbf5wVufU6+pbyzbx31oiTUhODOvSf8e4O4cpVYgF23vZ0UdXHzEKMTN/7aqYRY1kw79/FeaWEt3t9qVQf1xXqd+EflVtNFFDjhw1NFm03dz6hrwVZElhZywuDa20n/4fCNbrcsCV4KMAAAAASUVORK5CYII=', '2019-06-10 11:13:16', 'Nulla facilisi. Cras non velit nec nisi vulputate nonummy. Maecenas tincidunt lacus at velit. Vivamus vel nulla eget eros elementum pellentesque. Quisque porta volutpat erat.');
insert into [post] (post_id, user_id, title, image, date_created, content) values (3, 3, 'Lohrensen', null, '2018-11-11 08:26:33', 'Lorem ipsum dolor sit amet, consectetuer adipiscing elit. Proin risus. Praesent lectus. Vestibulum quam sapien, varius ut, blandit non, interdum in, ante. Vestibulum ante ipsum primis in faucibus orci luctus et ultrices posuere cubilia Curae; Duis faucibus accumsan odio.');
insert into [post] (post_id, user_id, title, image, date_created, content) values (4, 4, 'Geraudel', 'iVBORw0KGgoAAAANSUhEUgAAABAAAAAQCAYAAAAf8/9hAAAABGdBTUEAAK/INwWK6QAAABl0RVh0U29mdHdhcmUAQWRvYmUgSW1hZ2VSZWFkeXHJZTwAAAI9SURBVDjLpZPNS5VBFIef+77X4lYayfVqpQY3XPiRGogp9rEpa2NRQpAELaJl5LKVJGSrFm36A6RMCpSilu5StETLaGcophTeNMyv+/rOmTMtrp87o4FhOOdwnvObHzMR5xz/s6IAz98vtDnHHeu0UFWxCqKKtYpVh1jdti1WHFZ1uONmSW0UQJ2721ybHf+XyQ9efqvcVGBV4wBvJjoRFcQKRgVjzdZpZbN2v74DY+zebYCMDy1lt3c1fSUQjNgtD6xVALr7U7sCXK7JJdwOkHUAwI3TCV4NzHK9IX8z1zM0S3PdVjy3GOxUYKyizhH1oWcwhe979A6liHjgrTfd6zpH2izRVP6aiqJDhCYD8Dau4ICoH6G5PkHUg2t1Ca7WJrhSmwDAOENhvJSu0YsEJkBEdypwClEP3o38wveh9cVZnBpCFUIRjuSWUFpwiqVghdbeKrJ5tg0ginOOLB8uncyjb2wO0ZAL5bewTrFqURw//kxzorCB5TDNyPcmKh8GBzMmakaO70XoG5sDIJAQ65Sp+XGMCqIGYw2La0tUF51h2azyYbJ/3gMQkYwHHpyvihP1IZAAsUJ+TjEFOcc4fDBJlh8jL/soo9MDfJz4ympIzZYHzlFRfICfv9Mcz4+RljU6Bx8TakggIcl4GXXJRoan+hmdGaMi9lR72ls+rz8kN9DePV4dWt1vxGLEEpNuolYRK+QAn2YaiXgxBsa/ULLnCQsribcAkd1+52RbZMWqvy+tNpl65CY38n8B/ZBP7EKNHesAAAAASUVORK5CYII=', '2020-02-23 18:52:37', 'Lorem ipsum dolor sit amet, consectetuer adipiscing elit. Proin risus.');
insert into [post] (post_id, user_id, title, image, date_created, content) values (5, 5, 'McPartling', null, '2018-05-16 09:01:26', 'Maecenas pulvinar lobortis est. Phasellus sit amet erat. Nulla tempus. Vivamus in felis eu sapien cursus vestibulum. Proin eu mi.');
insert into [post] (post_id, user_id, title, image, date_created, content) values (6, 6, 'Goldsmith', 'iVBORw0KGgoAAAANSUhEUgAAABAAAAAQCAYAAAAf8/9hAAAABGdBTUEAAK/INwWK6QAAABl0RVh0U29mdHdhcmUAQWRvYmUgSW1hZ2VSZWFkeXHJZTwAAAGSSURBVDjLlZO7S8NQGMVb/weRgoI4iIuCVuoiuBfBwUFwaosPqJODk5OLBVutSlMsuDg4OVWkYO3o4Cha/BNS+qLP9K3HnEtT07f94HATcs8v33eSawBgUGtSlVmVZYimVY3Ro8nQBJgrlUq2Xq9/NxoN9JL6HD6f76oTogEsNBeLRSiK0lIul0Mmk0E8HheQWCwGSZLaICwjAdxQLpdRrVbFShUKBWSzWSQSCQEolUrgSwKBgIB0AWjWRAAN+XweyWSya6RmJsY2gDpGawOvObc2SiqVEp3Istwf0Ck9hJ0wj3Q6/X+AHsJxmAlBIwGoWq0mciGEGhnALkJvDzgK2LB3sQH7mRWrjtmbgQCaNAVf73HyYMdTVMK7HIb3xYkt7zxWDkyeoQC273BbEfy8RPDrGixPZBfeyD4B5aFfgVo/XkQoegt9PX5IBEAP+OmXwdrhDNxhB1xhmzC7nm1/HTR/x2U1ZUXd3PMw+YOn2PTM4Ty8I97MlfcigyZgipBBR3lhe/zO4jQpbJvrkn3CT+8vh7avwsYhJlIAAAAASUVORK5CYII=', '2019-04-17 12:09:01', 'Aliquam quis turpis eget elit sodales scelerisque.');
insert into [post] (post_id, user_id, title, image, date_created, content) values (7, 7, 'Sales', 'iVBORw0KGgoAAAANSUhEUgAAABAAAAAQCAYAAAAf8/9hAAAABGdBTUEAAK/INwWK6QAAABl0RVh0U29mdHdhcmUAQWRvYmUgSW1hZ2VSZWFkeXHJZTwAAAJ8SURBVDjLpZB/SFNRFMftj5IiW9saIQjGQrBiUagEFWLDydrUhAWzNNuWTZ1oKIUzf4RlzZY6sWyrLZXhfFszQ1eac2SQkYWW0yH0l1AWITSw1IXK+/beK0RBptCFD+fcyz2fc+4NARDyP6x5qInbVVEn5sw2SHdCL2ahQsiey4jhVW9IkBPDKbmfyibN6Rw8oLgrY0MnYaEofgcpPcitWldglLLQQhXqqSKdlIaNm8k8XDnBQWYMa2ZdgS5+O14YyzHVq8eQpQiFCTwUJ4YjX8SH+hh7wapNCQ0qMGdF/gh8/4SZN0Z87a+H13ENk89vwz85AiJ378xYq2ZLUEFjxv5B//t2TA87MT9KUNiZ3D9C4KFKMBz0Cbults1RxzVWoiAWv4ctCPieMsx/tKHzciwE8blPeCLz1jUFPAkRyhW35UWIPfB9noWjLBX2shQGOn898QsRSS/BET66xBWatq0ScE86NoUlORSRyYOYmJpH2xRQ7APy3gEXXgHnewCtsxPFRgXU9acgvyEMiEsOVS4LDsia0xJP6+EcWoLJCxS8JZE7QCK7j0RWFwmlmUCVU4lnviaMfnPD0K+B3CDAkfzwWkbwoTx6adqlxb1mFxS9VFeqo7KbxLkOEmdsVKyRoGu8AV0TjaBXreciDJ4cWhBgBN6KfaTffR3p6hZU988howM4aycht5KQWUgklx1Gj8+Clat7rIkW/P2IcWtB6Uhp1KJSeWsxTjEAJTW6agVHC/m441ZB51Ywxbo+xeoJaCbteWGVV6u5e9JcpsiE1i980eM5flLHAj/RuSCQZy7KaqNR585mOtOR3i//wUagLtdQ/KTH/hdr6PM/RhGjA91Gi1AAAAAASUVORK5CYII=', '2020-01-23 22:03:36', 'Vestibulum sed magna at nunc commodo placerat. Praesent blandit. Nam nulla. Integer pede justo, lacinia eget, tincidunt eget, tempus vel, pede. Morbi porttitor lorem id ligula.');
insert into [post] (post_id, user_id, title, image, date_created, content) values (8, 8, 'Rawsthorn', 'iVBORw0KGgoAAAANSUhEUgAAABAAAAAQCAYAAAAf8/9hAAAABGdBTUEAAK/INwWK6QAAABl0RVh0U29mdHdhcmUAQWRvYmUgSW1hZ2VSZWFkeXHJZTwAAAKNSURBVDjLpZLLa1NBFMa/m/uITfpIKzFJYxGaxkQDFnFRsrLgxm5i3dWl+Ae46Kr+DWbZTcBNhboQ1KW1uYhQhVKECFE0SEvSBrXR2Nyb+37EmYHG0hZceOEww5n5fvOdcw/X6/XwP59wWlKW5SABF0jc8X0/S9Y0CbL1q2T9StZHJOT5+XmPO+6AiC+T3JNoNHolHo8jHA4jFAqB3ut0OlBVFY1GA61Wa4PkFk4A1tfXX2cymdmJiQlwHHeqbdd1Ua1WUavVVgLHDwkwF4vF/ll7MpkEKWPuRA+cnhjY3NyEpmnI5/MIBoMQRZGVoOs62u02ms0mUqkUBfxt4upGe8B2vFXXGBnje/uQJAnlchm5XI6JqW1FUWBZFgRBYLk+YOXNL8FxnA9BkUsLkTg+7vzAZESB53msiVRAATQOe0bF9Jz1wDDtccNy0yEJ4Dkf/Fga7+pBJFJXsba2huXlZZAHGICuVHjogAG6up20bJuCsNvSIPI+pMg4Ss+3mOXp6WkUi0XY5M4hiAL6DlTDiOpErJHo6iZ2vik4IwKJCym8/aJje3sbiUSCCY4C6J4BOqpx0XYs6KYDRbegaiZqe20cqBYGzl/Dy/c+Crdu91+lAGqfOuJb5wqSqltyNCLxChFKPAeBJzMe4OD5Hho7Lczlp3BpMsJ+4+joKLLZLJvGer2uCweq0R0OBUSPUDXDwm6TjOtvDUbXhNm1MJUI497CDCSRZ2XQUaZTWKlUvhMnBeGgq8uBnnjz008Ve3ttx9HMB7EhvzOTQeHsMHd9ZNAeksuvmG06RKZpUuFjUsrDpaWlfW72/osB13CeuYZ1wzXswa2nd+2jk1kqlYaIYIqET5r2eXFx0Tp6/ge8rrdXLiWBdQAAAABJRU5ErkJggg==', '2018-06-04 04:15:53', 'Vestibulum rutrum rutrum neque. Aenean auctor gravida sem.');
insert into [post] (post_id, user_id, title, image, date_created, content) values (9, 9, 'Prendeville', null, '2020-04-08 06:15:07', 'Maecenas leo odio, condimentum id, luctus nec, molestie sed, justo. Pellentesque viverra pede ac diam.');
insert into [post] (post_id, user_id, title, image, date_created, content) values (10, 10, 'Brambley', null, '2019-06-20 10:32:05', 'Phasellus id sapien in sapien iaculis congue. Vivamus metus arcu, adipiscing molestie, hendrerit at, vulputate vitae, nisl.');
insert into [post] (post_id, user_id, title, image, date_created, content) values (11, 11, 'Martlew', null, '2019-07-07 01:51:03', 'Nulla facilisi. Cras non velit nec nisi vulputate nonummy. Maecenas tincidunt lacus at velit. Vivamus vel nulla eget eros elementum pellentesque.');
insert into [post] (post_id, user_id, title, image, date_created, content) values (12, 12, 'Southcoat', null, '2018-05-26 04:12:55', 'Vivamus in felis eu sapien cursus vestibulum. Proin eu mi. Nulla ac enim.');
insert into [post] (post_id, user_id, title, image, date_created, content) values (13, 13, 'Prandoni', null, '2019-12-20 22:53:08', 'Vestibulum ante ipsum primis in faucibus orci luctus et ultrices posuere cubilia Curae; Mauris viverra diam vitae quam. Suspendisse potenti. Nullam porttitor lacus at turpis. Donec posuere metus vitae ipsum.');
insert into [post] (post_id, user_id, title, image, date_created, content) values (14, 14, 'Praten', null, '2018-01-29 10:36:01', 'In congue. Etiam justo. Etiam pretium iaculis justo.');
insert into [post] (post_id, user_id, title, image, date_created, content) values (15, 15, 'Perryn', 'iVBORw0KGgoAAAANSUhEUgAAABAAAAAQCAYAAAAf8/9hAAAABGdBTUEAAK/INwWK6QAAABl0RVh0U29mdHdhcmUAQWRvYmUgSW1hZ2VSZWFkeXHJZTwAAAJ9SURBVDjLfVNLSFRRGP7OeO88fJAMGmqikAaalbUIJ3NRROAiwmjdQmqXFdRmaOGiB4nrMmjRpk1LIQjK7CmmCFHWIAguMpGhnMGZud7XeXXOndF8YAd+/p9z/+873/n+e4iUEnrx6wMSBw+BjY1BMgbJOQSlEKVs9vZCvnmPivFXBJuWsV5sBslNQKH317NPsX39I6AsIBGeFzQHRDqXamMXgtAGgfooFRjNzeCaRIXO3HVBWlshbEf1+P9R4NM7JDM3GDluIXYirL6UlfYJmO3Cn0mBq55dCcLnFpfAQhbtuFTphZvAeUhdQZ3ObJjOIqKh5xbp5kvbCYiegnyW6FLlqH/sdp3nR5TcVTB3TfniKhIlm5QhEiUon3+cBpV95o3U9FYPOEuytst1HouB2zkltQiU1IdwbbDcCuxsDm7TxTpR4MkdJkrBemjFfginUATqU5kaHfWCWlAHLJ+Bw8oBj/fs9EDIuJBlgWShCbieexHM/WL+7OUws5xGPt5RU7h/Or9qZYdfPvh2r2SiLP5EjG5I3wju46OTwUK9gVPtJ9EYP4B3qdGqqR+f7iYGGqpLV5BZQi2lhG+VrlUokvG1NI62dYKHODrrz4ITisThbg29WjKRThi5ORDDVBz+Fuk6/lgrMEklzrdfC9pvnXmClr1HdBktKnDEkPHladokNkJmVCkRgQ/6DUCNOa8MTC1PYmisPyAYet2Phd+zunQDAuPm/LRw+GDk7XA65v+Euaca4Zp9KhoQidfiQm0jpmYnEVaev/g+gjAxMPH1g4Y+IuvPOaBLtnQJiyVBRY+QJA6uBZCsYJi4UsULv4joU21VKgoqRqYeLif/Al7ruK6zYN/dAAAAAElFTkSuQmCC', '2019-10-26 22:33:19', 'Duis aliquam convallis nunc. Proin at turpis a pede posuere nonummy. Integer non velit. Donec diam neque, vestibulum eget, vulputate ut, ultrices vel, augue. Vestibulum ante ipsum primis in faucibus orci luctus et ultrices posuere cubilia Curae; Donec pharetra, magna vestibulum aliquet ultrices, erat tortor sollicitudin mi, sit amet lobortis sapien sapien non mi.');
insert into [post] (post_id, user_id, title, image, date_created, content) values (16, 16, 'Worledge', null, '2018-12-28 05:34:45', 'Mauris enim leo, rhoncus sed, vestibulum sit amet, cursus id, turpis. Integer aliquet, massa id lobortis convallis, tortor risus dapibus augue, vel accumsan tellus nisi eu orci. Mauris lacinia sapien quis libero. Nullam sit amet turpis elementum ligula vehicula consequat.');
insert into [post] (post_id, user_id, title, image, date_created, content) values (17, 17, 'Warren', 'iVBORw0KGgoAAAANSUhEUgAAABAAAAAQCAYAAAAf8/9hAAAABGdBTUEAAK/INwWK6QAAABl0RVh0U29mdHdhcmUAQWRvYmUgSW1hZ2VSZWFkeXHJZTwAAALXSURBVDjLY/j//z8DJRhMmJQd+x89/W4IRQbY1x5L8590dzmy5PuIqC4gfvA+PPIyEMfhNqD06H+L9gfG9p33/jr23OMEiX30DTj8yT/oFxCf+hAYfBeIfwPxIyBWwjSg5Mh/tYZHzDr1D34aND7Y9tXOsf2Lg/O/z85uNjCFn908lT56eH985xXwzXvygwYUA4yLD/9Xcm+QlS572JWesP7XVyOL79/MLKci22Rc/6DXvPH+X8um+79t2u7/tOu4/w9ugFHxof8wha+1LP89NHT9iay5aNKKo9vXVvyzrz27/LuRqeo3Y7P/y6I7piMMKDoANuC3mNTSn5Iyv239dn3nSnwwiTfpIbN85tU9e9fk/Xt7e/X/29vCekDqfmrpHviurfcBboBB4b7/1QYB+n95Bf/94RNqY4h40MIQ/uA/U/iDv3ltc/69vr7k/+8vd/5fXx/4/tpaf1OwIYoqvxAG5O/9/5+R1f8/E9sdZKc75m7uvbgu4MeP11v+/3jW9//d3a3/Ly/z3HRpsTvrb3HpDXAD9PN2///JwBLym4FFHKbZb5aV99Ilbt/f3Fzz/8fjpv+HOoz//3q75v/5ec7/zs12DAa6VgpugF7uzv9zRDUc4DZ3GE3LmWT59f7e6v8/Xy36/+1O4v9D7Yb/vz8s///h3rb/p6ZYXTs50YIXboBu9vb/liU6khal2jPNS3Uf2ZTpvD04y/Hhe2DAfX9Q8v/rrQgIvh0L9MqE/w8PTvp/tMuoDmFA1rb/Rhma/oYZ6m7qAZaux6bbFTw81Pf/54vpYNu/3o4GesEITH+7l/X/2/ON/w8267462KitBTZAO3PLf+2Mzf+1MjYB8cb/O3pc/397c/f/z3d7//94BQyDV6uR8Nr/vz9f+f/kxJL/+6rVVmPNYUDnvTnSbvDtcKv+t0PNut+ANn07UK/5bX+txjegpm97K1W/7S1X/ranTOkwAORfnQagLb+TAAAAAElFTkSuQmCC', '2018-05-06 16:00:20', 'Cras in purus eu magna vulputate luctus.');
insert into [post] (post_id, user_id, title, image, date_created, content) values (18, 18, 'Gavini', null, '2018-05-05 10:28:44', 'Donec dapibus. Duis at velit eu est congue elementum. In hac habitasse platea dictumst. Morbi vestibulum, velit id pretium iaculis, diam erat fermentum justo, nec condimentum neque sapien placerat ante.');
insert into [post] (post_id, user_id, title, image, date_created, content) values (19, 19, 'Vasyaev', 'iVBORw0KGgoAAAANSUhEUgAAABAAAAAQCAYAAAAf8/9hAAAABGdBTUEAAK/INwWK6QAAABl0RVh0U29mdHdhcmUAQWRvYmUgSW1hZ2VSZWFkeXHJZTwAAAKiSURBVDjLlVJbTNJRGOehXtl6dD20tbV66cGtrfnUU7WW09Sl3TRsokucuGGZInIXRRAFEQhMBNMCUkEDuWiKrTC1uTJvqVQP9dZDDW1p/TrnT2u5XNbZvp2d75zf5fvOxwLA2i2aJuoTqjEZe6e7XcHqqCJhnWmHclSCumA1+78IGsblidszbQi8G4R5yoDaQBUqfRXsfyIglhOWaQr2wbXihP/NAPRPNBB4y8FzF7P/SlD/SJowTxsQeOvF/ddOOBatqBoSYCjeD82ECtddXBR257N3JFCOihOmKT38BKyeUEI5LoF9wYLOBTPuLnXCF/dAGhbhiv3C+h8E8pG69fZnrcSuF6ufl/BlawO9s91QjNUlwWseSMJCXOrM3dxWgmGy+ZAsIvpqnGxhalVHlQzYFDUi/nEVqqgM3jU3xCEhVUZ+10Xk2XL2MASGSa1IRiy1xXQM+N6yg9gWM8oULB+WJMHBGqqM2IfHqB2+hWxLhoIhoJYMsWY8JA3qXe5iar0zb4Kc2FaNyzCw6oYoWA1eVwEE5gIUN2eioPEUMhpP4Iz+5D6WYkRsJwHbcxMG4w9QOchHx6t2OBc7CNjFqPG7CyF1F2JozojZ9yHowqXI0x1FWsUBJ0sxKk6hLuiQmKZaGbuOBVsSTHJcDwcc9Wl4X7bAO68HXZoIF7pICY7zUjaYJtb4b1jtMzYIfHzon2rRv+KC0H8T561ZEBKSdGEq/HM2/L58L4yUIPkVlT7+YWm4diu8FkCZpwSEEFnmjO+k08M5lsyatLL9G02ha1CFOAxYFeRsd1DeV7qXTFc/t4fzjd/HwzlT+mauLfsY6fRBek8eKnI0R6ANFTHKdKdnktf8GqKiHk7qVcflafJVZ3cab/K4gcQnavvn3kDzPwBTBMCdhxN/5wAAAABJRU5ErkJggg==', '2018-12-26 21:33:15', 'In blandit ultrices enim. Lorem ipsum dolor sit amet, consectetuer adipiscing elit. Proin interdum mauris non ligula pellentesque ultrices.');
insert into [post] (post_id, user_id, title, image, date_created, content) values (20, 20, 'Walicki', null, '2018-10-26 12:06:07', 'Donec odio justo, sollicitudin ut, suscipit a, feugiat et, eros.');
insert into [post] (post_id, user_id, title, image, date_created, content) values (21, 21, 'Gilbey', 'iVBORw0KGgoAAAANSUhEUgAAABAAAAAQCAYAAAAf8/9hAAAABGdBTUEAAK/INwWK6QAAABl0RVh0U29mdHdhcmUAQWRvYmUgSW1hZ2VSZWFkeXHJZTwAAAILSURBVDjLjZPNS5RRFIef+753ypJEs4UJftOmImosSGgREn0tBBdRLV2EGLooCIoWbSL8C2rdQmwXGBUzQmkx4LIPaJLSQiYtRkyz0Xln7j2nhShKOnjgcrgHznN/93ygqmznzLS16WbxgG3as66uTeNGVdcu6XRavfc451j1zjmy2SypVIra2lpaWlro6Ogwqzl2Pa1YLNLc3AzAerCq0t7ejqqSSCQ2KNgAcM4B8Hp85WdewQuICt7D+YOOKIq2BhQKBVSVeM3vTQsJldsDjGWqEBWcrChwHkSUzqOOfD5fGgBwYv/sFu2sKq0giiJUldHve/GqOAHxK7VQUS4fL5ZWsODnUVVO1WX/ez33ZpDxJ4OcnPpKcvTeFPDwbNL1rwFujfU07qgs44JeREQYGBggCAKMMTTMvudIbIb4pWvsbDrE8odk3ae3w/eHz8Rya5MoIk1BLCS98BFVxVpLPB6ntbWVyokRDpzupGxiBPP4Krsnn9LYUB2q0RsBwM1UdwXevKqO7WM48xIRwVqLtZYgCNiVm6espgn6hqB/Du5MYnOfCcU0WgDvfI93ol/+jpvyQgWJzAskJoRhiDGG5fI9LL17TvnQdaLlnywBi39CfMi0UVV6e3u11CIdXkpzLMxQX13EBhkWs45vvywuL3c3LFMpS12pv52bm+4OvWnwof5QeHQu6R78A6o+ZiAxKKNtAAAAAElFTkSuQmCC', '2020-03-25 18:25:14', 'Vestibulum ante ipsum primis in faucibus orci luctus et ultrices posuere cubilia Curae; Duis faucibus accumsan odio.');
insert into [post] (post_id, user_id, title, image, date_created, content) values (22, 22, 'Badger', 'iVBORw0KGgoAAAANSUhEUgAAABAAAAAQCAYAAAAf8/9hAAAABGdBTUEAAK/INwWK6QAAABl0RVh0U29mdHdhcmUAQWRvYmUgSW1hZ2VSZWFkeXHJZTwAAAKfSURBVDjLfVNNaBNREP52s0m0cc2PUaiWQLGKYtWKCkUPohJJFfTiIQcv2tKDCB56sAfPUjyUFKQHrS2e1NaCthapSFuxlFyMifYHRWkvDZHapj/aZLubXWfeJgV/X5g3u5uZ7/tm5j3Jsiz8byUSiS7DMC7puq6QB3lha2tr7B9J/wJIpVJeSujw+XwX3e4yaJQE04SIphy/34fBwRdQ/pacTCYjnBwMBnd4PB5Mz8yC2U3TgmmZBGShQGCapkGZmprSCoWCi0wElWSyz2azv0vGwkKWgEyEz9SJbwonV1SEsLi4JNgt/lms0hLGL8SJgN+L/r5n2Fd9SLDzf0IBo3LyjY4EhUmQJNrtTXi2leVl3G48KhjfJeJgteXnLtgKWCqzcqA/sAWyLEMik4vGzwxgmTZj9YEj4tkq9kBmBfROADIcDscvJhc9L24eM86p0+hcjImyhAK9OB5JluBQlHV24bkE8vbkbMbOj/fwY8UQKgQAb9wQLoEZK7eVifrtJSG9ZNgHauYN5ryTqJoPIpfPYWi8V0xFAMjFOtm+fPrzXGz2TmAmN4vwyeOoCOzC8MRTxMe7kdcCNoDTqaClvkaMR9cNrK5qQrLL5aQyLLQPP0DNnggKcgEHy8N4NdmD2v3H0P35ORSqq3VkZOhE6aCQD6iqWsnTyWQyGqlzf8t9hVPahLq99UJR0+m76P/QTo3sgxKNRptKUtva2q4TyPmdVbsrVdWH3icPTZr5/ez3+SsT6TEplR5Fc7gLLS8vY4PDTR2SLbmUHIvFthJbLBI5eyoUCkFVPWhoaNyYz+ejhqXfir8fg4uuDjO7JAWjydd0eszW9ctE0hfI3vb0PD5cOv/FezEZv5O+WXttu9I9PXAVGFApfIWsnb43/wTyL6VPiDb06AAAAABJRU5ErkJggg==', '2020-02-13 12:52:09', 'Aliquam quis turpis eget elit sodales scelerisque. Mauris sit amet eros. Suspendisse accumsan tortor quis turpis. Sed ante.');
insert into [post] (post_id, user_id, title, image, date_created, content) values (23, 23, 'McAlinion', null, '2018-05-19 01:54:21', 'Mauris lacinia sapien quis libero. Nullam sit amet turpis elementum ligula vehicula consequat. Morbi a ipsum. Integer a nibh. In quis justo.');
insert into [post] (post_id, user_id, title, image, date_created, content) values (24, 24, 'Sea', null, '2019-02-15 09:15:27', 'Maecenas ut massa quis augue luctus tincidunt. Nulla mollis molestie lorem. Quisque ut erat. Curabitur gravida nisi at nibh. In hac habitasse platea dictumst.');
insert into [post] (post_id, user_id, title, image, date_created, content) values (25, 25, 'Screase', 'iVBORw0KGgoAAAANSUhEUgAAABAAAAAQCAYAAAAf8/9hAAAABGdBTUEAAK/INwWK6QAAABl0RVh0U29mdHdhcmUAQWRvYmUgSW1hZ2VSZWFkeXHJZTwAAAIGSURBVDjLpVNNaxNRFD1vZpJMmo+mhmBLZOq4sAHJL+hCSECLP0C6i65cBcWVUBAX4k/QlfvuVRKCDUNpEVy4MKQYTMHUpA5EUpiSNsnMJM595Y1TNxZ64XLfu3PPPee+eY/NZjNcxiRc0hSxaLVaW67rFjyH4ziwbdv3yWTi+3g8plgvlUpFwjEawQPfDofDRiaT4UX/WnDMUCgEwzDQ6XSK5XK5zhV4jM9TqRRM00QkEvFBQSCtu90ukskkdF0n0g0vXWeNRoOzp9NpWJZ1Ti6NQkDGGGRZ5uyJRAKxWAzVahXtdruoEDtJp1mpSFVV7oI9qITidDrFaDRCPp9Hs9ncUIhpOByi3+/zAxJFdJgUxV7kaK8oCuLxOFdJDQrUnTZU4I3EJUuSdE6BaKRpGq/LZrOEKSjESrOS0wdyakDFwT+w2PuM9I8dSO9M2MkFHK/e52PzBgJIoFwu50smMOWjex+xhAOsPHyCiH4Lp19r2NvZwo2j6FkD+gNivqBcwT7YfI+bpcdQ9w1g+yXm5lO4ri1j5fsXKN6JViuVylrglvlR+NrvQ6iLOnDv6d8r/GIJ8/bJ2U38n9XuKD9X1x9cix18wPjUxImXO7ZkfNtH70KPae7K1bfNT9vOr1EUlhzC0YCh3WOuR/2aXfQ5765rz4aDw0eyy5ZdedbzUG/u1pxXfwB4L36S0dG+qwAAAABJRU5ErkJggg==', '2018-05-04 08:19:31', 'Proin eu mi. Nulla ac enim.');
insert into [post] (post_id, user_id, title, image, date_created, content) values (26, 26, 'Tyt', 'iVBORw0KGgoAAAANSUhEUgAAABAAAAAQCAYAAAAf8/9hAAAABGdBTUEAAK/INwWK6QAAABl0RVh0U29mdHdhcmUAQWRvYmUgSW1hZ2VSZWFkeXHJZTwAAAHvSURBVDjLjZPfSxRRFMf3T9g/wRdRkfKmRbkq3gfpYSvUHiIVZHqRiH7MbogW2GD1KOxrIVuUoOiKI+2isMleJXPZ3Np2NegstHNpGJg7K8yfcLquUII7sz183+7ne875nnMDiBjwEmz0ECkKqRCFZHew3pv64GbvkJkbN+zSExTFp1LTaBciWE72xUC/HPQ1kBUVcTiDzo9ZCUWRbw8y8/OIIb5Po1Oawd/bwwVPAwk32cUpdA6e4a/0wFv4cOVvNVi7NGRl77iQ6NK8DZIh1TnQ0MyOGnVHW+kkdTOAVE+wkgnrVn7CPfo5h8ct88wNxreuM/7xmlSYVTYGdM8Qy5t9Mbs4idXDF1IvURQmUXx7LBVFkY+g2FcRlojmuwWZLrGPAQlD4iKVs1JY7qSwdEGKUK9VB06FROyvkVpVOauET0BY7CB+t3IKVrFa0rBa1Goti/2HKHIPEBbOq40NEl0KT4eZtTvmHpWeo/VpxOWpq6yy3q/7wWfXuNihiC9RtHZuu/D+3JnWYb5VhfkW4nuJ5tawUc1PoZW55ZYXSAzetFGItyl8jTJn7x7aO+MIr5ubvE/5XTsx04OGyN5HJydD3Z1AsXcXnewjtNI3XQkrDT9TzSjeqlSWQzpfpYyv9rNyvD0Gr/5Vbmjwv/oDiJrRGbut70sAAAAASUVORK5CYII=', '2018-09-01 18:27:42', 'In tempor, turpis nec euismod scelerisque, quam turpis adipiscing lorem, vitae mattis nibh ligula nec sem. Duis aliquam convallis nunc. Proin at turpis a pede posuere nonummy.');
insert into [post] (post_id, user_id, title, image, date_created, content) values (27, 27, 'Giroldo', null, '2019-08-12 09:41:41', 'Nullam orci pede, venenatis non, sodales sed, tincidunt eu, felis. Fusce posuere felis sed lacus. Morbi sem mauris, laoreet ut, rhoncus aliquet, pulvinar sed, nisl. Nunc rhoncus dui vel sem. Sed sagittis.');
insert into [post] (post_id, user_id, title, image, date_created, content) values (28, 28, 'Guilleton', null, '2019-09-11 23:07:41', 'Fusce posuere felis sed lacus. Morbi sem mauris, laoreet ut, rhoncus aliquet, pulvinar sed, nisl. Nunc rhoncus dui vel sem. Sed sagittis. Nam congue, risus semper porta volutpat, quam pede lobortis ligula, sit amet eleifend pede libero quis orci.');
insert into [post] (post_id, user_id, title, image, date_created, content) values (29, 29, 'Pina', 'iVBORw0KGgoAAAANSUhEUgAAABAAAAAQCAYAAAAf8/9hAAAABGdBTUEAAK/INwWK6QAAABl0RVh0U29mdHdhcmUAQWRvYmUgSW1hZ2VSZWFkeXHJZTwAAAIdSURBVDjLpdNfSFNxFAfwX+GbSGjhg+JDED2YBYVGSPiQJigYRRZGUBD0UuBDT2rkIjOV/LsH5/5oIlE9yHSbFsy5TV3zH3soZcQWtD+CmjPXcru62f127q9YM8gH93D4wf1xPuece89lAFgy8d+LrtOyLGO2WudOe+t1pQ55LJnq0ea7+b1NVTmgMFCU7wmEmE1EmRewh4E3G0DeZwQz5hETNjD29CxHOCDPlR2MsnHtFjNFBTYOgVkQYVag7SuwIAD+GDBL51QY1pF++EzP8PLBKQm4wwHlsYZUkb2fQs86oPkG9FCMhgAbVTbQ6RB+P5cHoKguwNJEBzpuH5WALA5os9uPI+XDRw5c8gEVFPWrlERtWwmZoFDR3a3l7cHaAriHqqVkxF/idJrmMtKdPqioyhU/ULkEyFaAgSC1HgFGqAvFOjxNzqC19QK+vHu0G/AzbSOer31HHVW9QcBNAp7Q/K8JcEcB4w9AH8Jwiw7OgeuYlpdKwGIcCLMxPVXY4a2X0luvJegVJZs2AWXgJ0q8EZR4YjPX9BwYri+UgIa/e3DANovOANBPM7+gMbTU8kkXfQm76M2fdKB5rWqrzNV3JicTi31Xobp3QgKK4oDliFK9ygzhTWYWQ8wkrjDjtvmwxp64E5RQrLmfxztInH/PRfoHaNE9Pp8U8GlOUZEUwJPNrRfjK7wvYPDhOQmo2Q/Q/ecvlM5DiXe/ADHD2LkNLqYxAAAAAElFTkSuQmCC', '2018-12-02 03:12:31', 'Praesent lectus. Vestibulum quam sapien, varius ut, blandit non, interdum in, ante.');
insert into [post] (post_id, user_id, title, image, date_created, content) values (30, 30, 'Mullane', 'iVBORw0KGgoAAAANSUhEUgAAABAAAAAQCAYAAAAf8/9hAAAABGdBTUEAAK/INwWK6QAAABl0RVh0U29mdHdhcmUAQWRvYmUgSW1hZ2VSZWFkeXHJZTwAAAIdSURBVDjLjZO7a5RREMV/9/F9yaLBzQY3CC7EpBGxU2O0EBG0sxHBUitTWYitYCsiiJL0NvlfgoWSRpGA4IMsm43ZXchmv8e9MxZZN1GD5MCBW8yce4aZY1QVAGPMaWAacPwfm8A3VRUAVJWhyIUsy7plWcYQgh7GLMt0aWnpNTADWFX9Q2C+LMu4s7Oj/X5/xF6vp51OR1utloYQtNls6vLy8kjE3Huz9qPIQjcUg/GZenVOokIEiSBBCKUSQ+TFwwa1Wo2iKBARVlZW3iwuLr7izssPnwZ50DLIoWz9zPT+s/fabrf/GQmY97GIIXGWp28/08si5+oV1jcGTCSO6nHH2pddYqmkaUq320VECCFQr9cBsBIVBbJcSdXQmK7Q6Qsnq54sj2gBplS896RpSpIkjI2NjVZitdh7jAOSK6trXcpC2GjlfP1esHD+GDYozjm893jvSZJkXyAWe+ssc6W5G9naLqkaw/pGxBrl1tVpJCrWWpxzI6GRgOQKCv2BYHPl5uUatROeSsVy7eIkU9UUiYoxBgDnHNbagw4U6yAWwpmphNvXT6HAhAZuLNRx1iDDWzHG/L6ZEbyJVLa2c54/PgsKgyzw5MHcqKC9nROK/aaDvwN4KYS7j959DHk2PtuYnBUBFUEVVBQRgzX7I/wNM7RmgEshhFXAcDSI9/6KHQZKAYkxDgA5SnOMcReI5kCcG8M42yM6iMDmL261eaOOnqrOAAAAAElFTkSuQmCC', '2019-09-10 18:38:40', 'Donec semper sapien a libero. Nam dui. Proin leo odio, porttitor id, consequat in, consequat ut, nulla. Sed accumsan felis. Ut at dolor quis odio consequat varius.');
insert into [post] (post_id, user_id, title, image, date_created, content) values (31, 31, 'Syddon', 'iVBORw0KGgoAAAANSUhEUgAAABAAAAAQCAYAAAAf8/9hAAAABGdBTUEAAK/INwWK6QAAABl0RVh0U29mdHdhcmUAQWRvYmUgSW1hZ2VSZWFkeXHJZTwAAAKOSURBVDjLpVPbThNRFOUD/IJ+B6gvJr740mg0JsQUX0yMiUl9MJJIwGBsMOgDQSEz0mANhEIKoqhBBTEpahm5SWxLKTO9WBAKBTqtw9DpDbqcfUprvbw5ycpJTtZae+09+1QBqKrEqS4YdNToMOowHcJ4eGf4k18pPKKjuumFYh75vMbPuIPC4tKy7PX55akFUXj6McI3DCfMxCHubwaH4hODrg2LdzksxeIKVC2H/EGBYTeVRXQrgekFn9QzEbYQt2RSMqgmsU/8pqYzedCnZfeRUHOQdexl9tmdqmUxNedRbWMBMqlmBtQXxabKJfGOksW952HEklmG1mdhRBOZssnE5LR0fSBG7RjIoGZE+M5T7JJ4I5mBqW0Bqztp3OyTcLyuBde6/ViLpxlHjGyCG57hSUsGxumvAYF6pqhUcV1O4+IDD+aDCs7dfsfOM02jzFBJ5bGd1NA79FogLRmYPItLMg0rvptjBkSsa3ez864e/2htM24NBBDZ0liKbP4AA44hmbTMwO31MQOKT6T6XhHHLtxhsYMbKZy3OBGOaQzFFDn09vWXDYyf5v1CUs1gV8tjNvADZ5vH8SWk4HTjK4jRvbJBaDPF/kxwPQnO5ii3UONwhvjVaByFArCyrbGpn7zCoak/wBLUtgrsDERTyO0XMDnrh8X6tjxEQ/3gjtnpmpNkpThlqnajR2QVSWj/EGVJqEBIr97ZbZcuW4PF31haJO6l1zL63qXGEkVici/P+qVEtExUObieQIdtUG3kxn4tUuUqtznmLPbhUWnGE8JqTGEzoZ79KzLGXV60cT1SQ+ebv1e58jFdfbJibnk8zrd39QncI6v8sJOX73fYhMaOEf4SL/77Mf3Pc/4JB00Hw5wBy+AAAAAASUVORK5CYII=', '2019-05-03 13:16:29', 'Etiam justo.');
insert into [post] (post_id, user_id, title, image, date_created, content) values (32, 32, 'Lees', 'iVBORw0KGgoAAAANSUhEUgAAABAAAAAQCAYAAAAf8/9hAAAABGdBTUEAAK/INwWK6QAAABl0RVh0U29mdHdhcmUAQWRvYmUgSW1hZ2VSZWFkeXHJZTwAAAInSURBVDjLhZPda9NQHIbzVwlWryzthpWuIpWOieKYZXO2q1vC0KFr9aZM3Yr40QunspU2TVYmYhVRvNErwQtR3E0JTq3G2o80mc0Ql9dzTr/SYdnFA8k5yft78nLCjcxJNwKzsuoOiZoj2GKsi3NS1I7y4hIA7n9wgQvyz4KiWLphwNgyoRMq+jZ+MUyo1ToOR6Ra3wA6ua4b8F/2gL830WF8YRGB2VX4hBwOBEWrnxl3kGzQyXzyLJbfLuL+uwQevr+Jk7EsiBn2MmMBdbJ58UEEKx9vYfVDE89MBtTsTVjA53iiy/XbeD4XRaluwhWSNRZQIYmeay6cSsYxfCmFwfMpEGW4wjk4gxm4J7IECd6IhOW7z/AlkYRaawXQbyuTtCOJAQzPp/bU9gtrLOBHrUECJI3bP5bWypoJx7l9cE+tMO0TsTuIpl90uCq+xJnoEtP2hUV8Cp7G90orwMECGthQd5gynRxLPUWuoOOR8huPN//gyde/iMuvmLZvKgtlfBTFdsBgSNwslavQiOIACaCF0ofzRQv5bzsd6BrV9obSyI8EUCw34JwkAcd4aWFoWn5N00ihFi30+HwaM5LCmM4UGH5SLtX28uvMtlg2mwH2U9UuNHBlDUKu2ANdo9pDwjqqpNQSOwdyrSegXeih0Rh7wQ5da2lbdDI5RBqxT/Qa2ArdUK1ddLV7/gX7jb1QzdhGjVAl10262n0D7IXSSbtpa9vf+QeB6/JTIb6VuwAAAABJRU5ErkJggg==', '2019-04-07 08:23:29', 'In hac habitasse platea dictumst.');
insert into [post] (post_id, user_id, title, image, date_created, content) values (33, 33, 'Fortesquieu', 'iVBORw0KGgoAAAANSUhEUgAAABAAAAAQCAYAAAAf8/9hAAAABGdBTUEAAK/INwWK6QAAABl0RVh0U29mdHdhcmUAQWRvYmUgSW1hZ2VSZWFkeXHJZTwAAAMtSURBVDjLVZNLa1xlAIafc5szk8xkMkkm5MKY2EpT2qa2MTVCmoLS2gq6EKooimAW7iQb/0I2bgTRIog0oFW7KQpCS7VqrSmmJGlSQtswqWlLLmbGmcmcZM6cy/edz00r6bt8eXh4N6+mlGJnxiZHR4APgSNAFjCBKjClInXm05Gzl3by2mPB2OSoCUwAp1/LHbcziSyO24gbgJAegg2urF8UUsifhZBvfvXK99v/C8YmRy3gt8G2/cMv517E8Wx8ApYcjZiyKbkRSgQkcFn3rzG9Nn1LhOLYt2/8UNUfLZkYaN0zfLRrkLIMCHUNIXTqIoZLjLJvU/ASrFQtnko+z2BH38HAD78DMConHh4FPn5nz6vGgqyxTp16JNj2kpR9C8eD/OoW1VoNO1NCS+d5oW0vV27f2PX11MS8MTR6+JOTXUMHNCPBui5AtdMpk8xsGNQ9ndur20TxCnbPIn5TnmJUwaxIDrTm9Jn7d1tM4EiuqZs5d41iXGefsZsIwYNCgOfVSXconJbLLEWb4CuahU2+6HO8d4DQF/0m0NpgNvLAXaPgu6QadrEZpKhUItJZj/aMS1EewvHnsdUWW/+WKG82kEykCAPRbCqlNE1B4DsocpiW5OJfIVoiyfqSQFdNdGXrpLZGcFZDPKYJg2VQCiGEZkoRlZ3A6W41mknFn2WlaOKFFrG4Tbw9wb2/S3g3miHySLdbNDd2kzYKVGpVpIiqugjF7P3yQ55pyLFWmCSyVokZPqHnEoYmsWQGuyWOGdexNIkRFOnqbGN5bRngjh4G4rMLd6+KnmQW012lWrpOJuNjCh9LU9i6gRkEZHIrpNv/QK8vcijXz5lfLijgS+PmuYV75+fPDXr1Wt9znfsouy5x+2miuoltW1iawBJV0o0/wT8lBvbv5WZ+gaWNlasz43MfmQChH777e37uT78eHDx5+BiLBROjqhDaFmGkQ1KS6+mlr7+XX2evc+nWVB54+4kznfr8pZQIxXkRyhPvDb9vIjtQqgFN12hLO2yUZ/ni8o8SuAa8NTM+t/GE4HGGx4del0J+IGXUH8ko86iuAneAszPjc9/s5P8DuO6ZcsXuRqAAAAAASUVORK5CYII=', '2018-12-23 21:51:47', 'Morbi sem mauris, laoreet ut, rhoncus aliquet, pulvinar sed, nisl. Nunc rhoncus dui vel sem.');
insert into [post] (post_id, user_id, title, image, date_created, content) values (34, 34, 'Nibley', null, '2018-07-23 11:22:42', 'Integer ac leo. Pellentesque ultrices mattis odio. Donec vitae nisi.');
insert into [post] (post_id, user_id, title, image, date_created, content) values (35, 35, 'Cluer', 'iVBORw0KGgoAAAANSUhEUgAAABAAAAAQCAYAAAAf8/9hAAAABGdBTUEAAK/INwWK6QAAABl0RVh0U29mdHdhcmUAQWRvYmUgSW1hZ2VSZWFkeXHJZTwAAAGxSURBVDjLpVM9a8JQFL0vUUGFfowFpw4dxM2vf9G5newv6OIvEDoVOnUQf0G7CEYQHVzUVZQoaKFugoW20EUaTd5L+u6NSQORdvDC5dyEd+499ySPOY4Dh0TEK8rl8n0mk7lOJBIpVVWBMUaJAzCFEMA5B8MwPpfL5VOlUrklonegWq3qEr+c/2Nbq9VWHs9XkEwm0xLUy/Lzn5KbD1exaDR6FlpBURSq4/E4HJ2c4jMwmYpcw6vf31be2bAHQTPVHYEFyAr7VeEACzfAQKPuSmlCy7LINBcteifSx3ROWutzlCAZ3Z9Op9ButyEWi8F8Poder0drXTQ1SNUeqalt22EFQrgvC4UC5HI5mow1EjA/SjdEjEQiYAd+HV8BF5xwNBpBo9EgBZPJBDqdDimYzWbQ7XapmeA8rIDLiRjFYpEm4zTEfD7v19lslhSgJ2EFXBAOh0Oo1+vk/ng8Bk3TyBtd16HVarkrCRFWYFqmrwAzqMDzBhMVWNaeFSzT5P3BQJXI3G+9P14XC8c0t5tQg/V6/dLv9c+l3ATDFrvL5HZyCBxpv5Rvboxv3eOxQ6/zD+IbEqvBQWgxAAAAAElFTkSuQmCC', '2018-12-01 05:38:08', 'Ut at dolor quis odio consequat varius.');
insert into [post] (post_id, user_id, title, image, date_created, content) values (36, 36, 'Rasch', 'iVBORw0KGgoAAAANSUhEUgAAABAAAAAQCAYAAAAf8/9hAAAABGdBTUEAAK/INwWK6QAAABl0RVh0U29mdHdhcmUAQWRvYmUgSW1hZ2VSZWFkeXHJZTwAAAK9SURBVBgZBcHLi1VlAADw3/edc+fRmOP4YEzERxQYZGaQaQ8qRDCK+gPcGC1rYbjRWtqiTaAULWrRItwVVAaFBUIvhqjAyixIE41JB8fxzsy9c+855ztfv1/IOYPDH1/bg5N3rxnb169b/bpVt62Vpu1iCTeRsIB5fIizJUDbNI/s2rhq39EnNwCAXtVO9qt2cmGQNlc1S8Pkys1lX1zqHcCREqBtmunVIwFcu510QlAGipLRTrRlNCpi1CnYvXncpsmJte//OPtWBEh1vXqipGlZqoJuze0h3QHdAfMrzC0ncPz0Vfu2T7h/fWdDCZDqeu2dI1FvSG+QxBiUKApiQSEoAi1CWjRzecEvV7uzJUCqqunJ8UJ3pdEfZjFmRSSmoIgUsqJALtxYHDr11d+LOFwCNFW1dXp1R3eQNZApUhAzEoWszFGbSZ2kqZrtn7762K0IkKrh1o2To3pVFiJFCCIiAiBkcqYZDqVqmKCEgye+HC+LODLaiaqURBlZRhJAQIzUKVnu9RssQgnNsNowMTEmBlrIhEAU5EwIXLx0xl+XP7fUXzAV+0V3+cbrHHyjhFQN7ygnRpSRIgapDeSsRQj8+udH5vtfe/rxh21ee69zFz4JM79fP7H3lU1r4hNHTq9vqurEnh1bXF/MrtxIbi0lvYqUsxCyny6c9uCOXVJMdt11QAq1vTsfhZfLVFX78ezPF/+xsFJaHmZ1yoZ1UDWtJrWWuv/phFWeue8lcHT/e8789i4+GytTXT/0wlMPjL92aC8ASJk6ZVXD88e7Lsz+4Pzsd44d+MCbZ180VozCoNi48+A9U5MTz80v1a7O9cwtDiz2a3WTFTEa6QQpDX3zxxnbpre52f9Xtzfn+/PfWrw9PBV2Hzq5HkewFeuwDlOYwuTYSKczNtYRRs5ZSTPaPEDok9+eeWf22P/PLlOL9Py8xgAAAABJRU5ErkJggg==', '2018-10-05 18:36:09', 'Nulla ut erat id mauris vulputate elementum. Nullam varius. Nulla facilisi. Cras non velit nec nisi vulputate nonummy.');
insert into [post] (post_id, user_id, title, image, date_created, content) values (37, 37, 'Geldert', 'iVBORw0KGgoAAAANSUhEUgAAABAAAAAQCAYAAAAf8/9hAAAABGdBTUEAAK/INwWK6QAAABl0RVh0U29mdHdhcmUAQWRvYmUgSW1hZ2VSZWFkeXHJZTwAAAMoSURBVDjLndPLb5RVHMbx5515pxfnnaadQi9MSykzRSFSqyWjITVoUIMhLmClLky6YcempKBGgitDJEgaIlVjMGkkLkCqIUTjyo7YQs00dYYZpsNoufReaWn7nvM757yX4wJJJBoXfv+AT57NY2it8bBT2fct6aoeodQeoSgplISQYpSE+i6onv2gWr9e/tEbMY6/ZTwETmaO7ZKO+uKZ6q7WoFkBx/BQV7keN6fyuJj7qj9mfJJVjturlNf9+YH40CPAiV+P7tsYSlysDW/AtLqHcTuPoA5gp/U0zl39bKnS3ZeMGC+NJhNWNHdrFbdn7f3nD7cPAkDgw/GjUaHEQJ21EWN2Ean7I7jvrCBR2YL5ubtgjN4L692HttRVROtrKtDWaIFIDbzy9nAUAAJcUk9n9S6rRFPI8wlwV2B9MApLhPBN5sJ4LHj6miDnQKI5jMKMQLSqHG1NEUtw6vkLYHuDoXJk7QKUK1EVsNBe9QRGiz+D1sRBR5p9HZsjQeX4mLqnUJyTaKgNQ5DYCwAmJ7FNGi4CMNBhPYlN5THc+b2EdCl9tjUysIFIdsZqKzFS5ODMA1v1sDUWghTUCgAmI071FevKuiI7MD9zF/1jJ5ckU33Hll87M7GSNn8IP15aWBbbTRjgzIf2fUhlQpEIPljAafKXG8Mdl64PLkqSxw/PNp3fvRR+S/PcxPM8/cKlbb0Q0gPnGsQ81NaEML1gQ0kqPQAYfflt5uv+U1Ntl7esBHs0p7yzudkyir/BX7NBRODCA3ENYbtojj+G4aslOJIuA4A5WOo4qzkd15xOO/GWMifeAt/zYI5lAcYguYSQHoiAzu0RFCbnkcllbM9RfQBgapuZPuNvqp3JMremGuJGHqHGJvg2g2YEKThIeEjEwigUp1HM3YQrRffs0JFFAAiEPj6z6K+xbuNaGsgVEGpohE8cHhE8ElAksMocXEll8FMqNTkzd+vV2aEjF/7xhbWuF1/WQnyq4pta3fp1CPw4Ar3wR/tzO9455ylJrqu+91x1Yj71rv2vZwKA5a1PWZ5UvVqpPb5yktp12xuWZrL4jx4B/k9/AolT0+iTfsOYAAAAAElFTkSuQmCC', '2019-12-05 16:58:37', 'Nam ultrices, libero non mattis pulvinar, nulla pede ullamcorper augue, a suscipit nulla elit ac nulla. Sed vel enim sit amet nunc viverra dapibus.');
insert into [post] (post_id, user_id, title, image, date_created, content) values (38, 38, 'Bodycomb', null, '2018-05-04 21:19:31', 'Sed sagittis. Nam congue, risus semper porta volutpat, quam pede lobortis ligula, sit amet eleifend pede libero quis orci.');
insert into [post] (post_id, user_id, title, image, date_created, content) values (39, 39, 'Premble', null, '2019-12-01 01:11:08', 'Integer tincidunt ante vel ipsum. Praesent blandit lacinia erat. Vestibulum sed magna at nunc commodo placerat. Praesent blandit.');
insert into [post] (post_id, user_id, title, image, date_created, content) values (40, 40, 'Wayon', null, '2019-01-14 05:36:31', 'Fusce consequat. Nulla nisl. Nunc nisl. Duis bibendum, felis sed interdum venenatis, turpis enim blandit mi, in porttitor pede justo eu massa. Donec dapibus.');
insert into [post] (post_id, user_id, title, image, date_created, content) values (41, 41, 'Lankester', null, '2019-07-31 05:33:17', 'Sed vel enim sit amet nunc viverra dapibus. Nulla suscipit ligula in lacus. Curabitur at ipsum ac tellus semper interdum. Mauris ullamcorper purus sit amet nulla.');
insert into [post] (post_id, user_id, title, image, date_created, content) values (42, 42, 'Duchesne', null, '2018-08-14 15:08:50', 'Morbi vel lectus in quam fringilla rhoncus. Mauris enim leo, rhoncus sed, vestibulum sit amet, cursus id, turpis. Integer aliquet, massa id lobortis convallis, tortor risus dapibus augue, vel accumsan tellus nisi eu orci. Mauris lacinia sapien quis libero.');
insert into [post] (post_id, user_id, title, image, date_created, content) values (43, 43, 'McGuirk', 'iVBORw0KGgoAAAANSUhEUgAAABAAAAAQCAYAAAAf8/9hAAAABGdBTUEAAK/INwWK6QAAABl0RVh0U29mdHdhcmUAQWRvYmUgSW1hZ2VSZWFkeXHJZTwAAAJvSURBVDjLjdM/TFNRFMfx733vtdBa0QiUqFEHI3FRw4TooDGGuOpCHPy3sOji4OCgicTRERMHSWcGB/wDhmhwMEZDIkj8g0YFqmCtYJFi7Xv3z3GoUjAO3O0m59587j2/o0SE0dHRI8UH1wfM3DTm6wTtmfFWVrfyamRkZLe19onT5TU+lm83Ojnc82pVp4MgaA16e3vH29raztW+7s+k6gEBrfWKQuccIrJin0gkAPhHYMh3d3Lw5gsGn31kcrpIfkETBD6httQEfvVW5XBzr7uWBPGx/szatIADpRSTX4ocb99OMpn6L38x1NzsU5eDjo6Ondbabtd4Al8Zfjx8hFKKwqIjmUwxPrPA46kLrKubpRRpsvl69m26yt6dm1H4LAmCF/cydQ2CiKCUItIWAxjnSKXyJGIbcIS4+BRfCyWcOCJjWCY4ia8MhQcVQTzmIwLFUkShXMbKTxZ1yPdSmQIhSKWmKnh+N7O2UUBk6cdFoFh2TM3swNW8ZFGXmC9so7mpptrKquAUPobC4BAAobY4B/O/LHuaLtIydZ5X77LMH7iG0QYBIu2qAm/4TqYuLThLRSCCQhj7fBatNcNRRLQxRvSyA601x/cPI7JCcBoPw9zAEEop1qdiiI24cqyPPw9iWZbQWlMb85YJnt7OpNIObKWgecs6bg194MtsiSAeEEWWeNwHqQbJzL7tqiYxKq/xMExeOsPRwfc457DWYowhDENyuRwNDQ2k0+lqGJWqzIIxZlfLm/sfkxsSiMDExATGGIwxS3PgeR65XI5sNovneURRVLnkb8vONNcf2JqKH5r+qT/1vJsbW+04/wbW84QVgHdG+gAAAABJRU5ErkJggg==', '2019-10-29 13:28:56', 'Cum sociis natoque penatibus et magnis dis parturient montes, nascetur ridiculus mus.');
insert into [post] (post_id, user_id, title, image, date_created, content) values (44, 44, 'Narracott', null, '2018-01-05 09:57:40', 'Morbi odio odio, elementum eu, interdum eu, tincidunt in, leo.');
insert into [post] (post_id, user_id, title, image, date_created, content) values (45, 45, 'Puzey', 'iVBORw0KGgoAAAANSUhEUgAAABAAAAAQCAYAAAAf8/9hAAAABGdBTUEAAK/INwWK6QAAABl0RVh0U29mdHdhcmUAQWRvYmUgSW1hZ2VSZWFkeXHJZTwAAAJ8SURBVBgZBcHda5V1AADg5/d73/d42g66bF8ZTgbbxcpoKaNJXWQ3fUJJdRF5JxRF5EGEboIZ/QPiTeFNGF03GFiRUSZiUGxlSlnqtsZya6ustY9z3vPx9jyhfkRXacCEVBVARARABAA0ccvJfME7aWnAhOGDVX37STJiSgjEQIjEQAxICAgoWtz6rlr6ZEoqVdW3n3pC/xgJVn7izxliJImIJAiRoqDSTe8+eqeqKUgyYpkHDwEO0djg+jlunKW1jkBRIHB7mfJdtInaCCmbS1yZZPYiG6tkndz7HE+eYtc4INBoUGvQzMlJRcTA5hJXPyIG0kj3KKOH2THAQ0eZOc2Nc9Sb5HUaLWpEERH9Y7zwIY+9y9CzrM3y5VssXAD2vULfKPU6tSaNJjlRGxICsk56RnjgZZ44Rdcg0+8zfx44cJRiG7UGjRY1ooiAvy/z6ZtMn2ZjlayDR96mcg8XTrK+TKnC3meoNWm0yUlFxEgR2Vph4SuWvuX+w+x5lAPH+fgNi++9ZvHarzZ+uy4rp3avtw3mpNoQSArGj5NVWPiamQ/oHqHSZ3EluL2ybPT5I7YN3mfrx8/9fPEL6WYUQSzo2cuuMXpG2P0wa/9wZRLMTX9j6OCLyjfPC2de0jE7ac/ATvONIAUCWys0Nsk6WL1Jvc7vv4B89Q/l/kGeOgYgPXG3vB2kchRNtPjsGNkOFi5TbzL7PWdelXWWbf5wVufU6+pbyzbx31oiTUhODOvSf8e4O4cpVYgF23vZ0UdXHzEKMTN/7aqYRY1kw79/FeaWEt3t9qVQf1xXqd+EflVtNFFDjhw1NFm03dz6hrwVZElhZywuDa20n/4fCNbrcsCV4KMAAAAASUVORK5CYII=', '2018-03-04 18:31:44', 'Aenean auctor gravida sem. Praesent id massa id nisl venenatis lacinia. Aenean sit amet justo.');
insert into [post] (post_id, user_id, title, image, date_created, content) values (46, 46, 'Morewood', null, '2019-03-04 08:52:32', 'Nulla suscipit ligula in lacus. Curabitur at ipsum ac tellus semper interdum. Mauris ullamcorper purus sit amet nulla. Quisque arcu libero, rutrum ac, lobortis vel, dapibus at, diam.');
insert into [post] (post_id, user_id, title, image, date_created, content) values (47, 47, 'O''Fihily', 'iVBORw0KGgoAAAANSUhEUgAAABAAAAAQCAYAAAAf8/9hAAAABGdBTUEAAK/INwWK6QAAABl0RVh0U29mdHdhcmUAQWRvYmUgSW1hZ2VSZWFkeXHJZTwAAAKqSURBVDjLfVNdSBRRFP7mZ2dz3dwfx3VZTVuRiizMwBAiJCixh34gEwLfiqCXegl66D2kB1mJygcjevO1FGKFUhMKI5fZNFYlV31wN7F2nZVk52dnuveuKxjaHc49d2bu953v3HMuZ9s2/jdisdgr0zR7DMMQiQfxzHRdp36I248gHo97CGDQ6/V2OZ0uaAQEywLbTTA+nxfR6DuIe4EVRemkYFmWa8rLy7G0vAoa3bJsWLZFiGwUCJmmaRATiYRWKBQkYmxTSSb12Wz2X8nIZLKEyMLFjkvsm0jBtbV12NhQWXSbPjZVaTOjLyQm/D4Pht++QdOJFhad/mMKKCsFPxyMkW0cOI7MxYl5apu5HJ7caYWPn0coNQrBfRJ/Pk9AthrATpZGpRt9/krwPA+OGL9tdE0JxM33aKsDyuQeeMIt2Fg6CjX6uqiAnAkh4CEIwi6Ckj8dmIXf5YA7eBaZxQQkTsfBiiA8laEiAS0Px3MQRHE3mKg6XKbgZhsHb/gCtPQQJBeHFWUOhilgJOmGSE+SHghNgScKwgEXy5+OKnxFZ2MCnsYryK8OgJdMONz1EPNJ5I/dQ3Z2tEjAb+dJbXGh2AuNkoLu6yDgawT8ArzDhJ4LY+3jNJKV3Qi4a4plpJPDIaL31ilWHsMwkVsZQ3WZhUDTZeg/ByFINvJqPdITX/AjeBuGUMFU0/RFUsu+8fEP7aVGsdem6tvPhGTDrkF65il8AQn5zCGkJmOYdV3FkYbjTGGwuoo126670N/ffz+kDUdu3H2J+aEHSC1/grOuGVtrqjG11ez4pTl3upQaacK5nbsQiUSqSBkjC8l16N9HEG4+B3X9N5LTCdsvV7Q+6n0e3+ve8KUFSSGjqur0t7kU+gaeYXIsihXODeXA+ZmOx/H4ftf9L53Qf7mz5LNnAAAAAElFTkSuQmCC', '2019-03-28 08:03:01', 'Nulla facilisi. Cras non velit nec nisi vulputate nonummy. Maecenas tincidunt lacus at velit. Vivamus vel nulla eget eros elementum pellentesque.');
insert into [post] (post_id, user_id, title, image, date_created, content) values (48, 48, 'Waddicor', 'iVBORw0KGgoAAAANSUhEUgAAABAAAAAQCAYAAAAf8/9hAAAABGdBTUEAAK/INwWK6QAAABl0RVh0U29mdHdhcmUAQWRvYmUgSW1hZ2VSZWFkeXHJZTwAAAJpSURBVDjLdZLLaxNRFIe/O2kTqxmNxAopUjXWB7pwrUIXggs3oispCoqCFWG0G6H9D6Su3IjrQEAExYULF+LKlagUNL5qs4i0jRhokj6mM/dxXIyPIdgDh3s43Pvx+517lIiQjmq1etJaeyuKomPAFmPMC2PMvSAIXvKfUGlApVK57vv+/aGhIeV5HgArKyvMzc1Jq9W6MTk5+aAX0Jd6fCifz0+XSiXVaDRoNpsA+L5PqVRSYRhOl8vln/V6/XEa4P0put3uq2Kx6M/Pz9NsNi8GQaCCIFCLi4uXZmdnKRQK+bGxsTu9CrxUnTPGsLCwsBQEQfVPc2pqqgK0Op2OGhwczG9oAchYaxER23tpYmJikA1CiQiNV1fk2cxRjFNYazlz5A0Z0Yg1iElSa/vUddtPgfMKOe2J4eC1dypRIML45WMoPFRmAMVpcAr6NgECVvOxevEscBZg5Nwdvj28+c+CWAMIpvWIvtwOlMqD64eBAoiDtQ4jJ0aJw3mcWQPnkDhKAYwBJ2Bj2rW3eN4WCoeP8/35XcTtZHj0FO3PNeJwCX/PdkQsouM0QIMIYjWFgwfwsjtAOWxked8aYJiYwr69rK/mELMG4v4CPADRGhELVrP0YYZ27TV4BrfuiMIIJKb95RPtr43ErnOI1ikFWidUG1PYv4fM5iJ4MeUL45S1ge4Ptu0bItvtTxQ46QXE4BzOxLRrNTKbfdiUh74sOAPdNuHST/TqMv7wVgSX2E4DRCy5XVcZ2J1BZXPJF3r94CzEIX64jNUR4mwyL2NSgDii/uR2MgtjEKN/p/l7Ym2yWNYmtUsW9hfAtnFXLnJPWAAAAABJRU5ErkJggg==', '2018-12-20 19:24:44', 'Nullam porttitor lacus at turpis. Donec posuere metus vitae ipsum. Aliquam non mauris. Morbi non lectus. Aliquam sit amet diam in magna bibendum imperdiet.');
insert into [post] (post_id, user_id, title, image, date_created, content) values (49, 49, 'Jinkins', 'iVBORw0KGgoAAAANSUhEUgAAABAAAAAQCAYAAAAf8/9hAAAABGdBTUEAAK/INwWK6QAAABl0RVh0U29mdHdhcmUAQWRvYmUgSW1hZ2VSZWFkeXHJZTwAAAM9SURBVDjLdZPrS1NhHMcPREH/QC96nxURWS+iktC8bEt3skHoi95EbYk5KStqdtPGLKcuczSELnYhK0bzhpfK5nSZed1MPZtzzpq3pnN5tOY2p+fbsxMEUj3wgx9fvr8Pz+X7UACof9VwPb1juC6l2l6T/N5WJdr9P99fgqPxyCYyrLLXpczPMg/xrbcQzOukH0P6xJLBl/Gb/wsYaUpdT4Zlw/Vi55RVi5XgNLilCSy6qhGYrIO79Tw+P4/92v/soNz6JGbjGoCjKVXgaDhi/tpxA4Hvn4m0BHAswr4ejBiOImAvRsitx6JNB2fdSVge7e/su7+X5gFk+LGjgeZ8jkr4vQPwjbVgrIsYP6hhe3MOrreZ8Nvvwm/NQ9D5CMsTesx1q8C8kKBHt+dF5LLCXNCNkLcPvgEtvL0qTJnOwlmbhs57MVieswB+BzD7FtwXHcBcBiYrER5VoUu7K0yRy2JXg+PAjyEsT9ZgwXoL/v48UgpM1op5DTONgPsBOJsCfmMcZhoOYoG5i87SnSxlqznMri4RwM8RAmEArxEBRg1/VyZm6sUIj2iA0RKE2kWYa9wHj0kET3Mq2P4SfNLsYCnGIGRXeIAdWCTbne8kkHcIO7VYaEtDyCwCa4zB3EchZoxJmG6Ix3StEN+7C9FRtI2lyPv+BpAjgO1CYOoNmqu10JQUoqKiAkUFl2AlRxltFKJIdZHXim/no+aBAibV1gVq8FV8iAt/Iy/nwrK3BRW66ygrK4PH44HL5UJbWxvuqHOhU8vhGGZ4rb29nfcoTx9YoQYq45pHjZexNGVC67uXuHpFAcvgIArz5aBpMWQyGbRaLXJzc/meFouRf/4ED7l08VyYIsnaQJIlI+FwKi8cw60CFQ8IjldCJEyA0WiExWKB2WyGwWCAICEOLcot7ghAqVQG/kSZJGtTzvHopuwzUi4CuHnjApISEyEQCCCRSPiK9Anxh1bTjh1tjQAyMjLm13yM7WRJUsVjpRp16PWrp6iqqkJ5eTlycnKgUCj4PqLp9XqfRqOZp2navgYQFRW1LjY2Njo5OfmLTHoqkC3PXM2Wn+GuZQhK09PTE7KyshZJBaRS6c+IJ+L9BchY24ysm0a5AAAAAElFTkSuQmCC', '2018-02-11 10:20:09', 'Vestibulum ante ipsum primis in faucibus orci luctus et ultrices posuere cubilia Curae; Duis faucibus accumsan odio.');
insert into [post] (post_id, user_id, title, image, date_created, content) values (50, 50, 'Stott', 'iVBORw0KGgoAAAANSUhEUgAAABAAAAAQCAYAAAAf8/9hAAAABGdBTUEAAK/INwWK6QAAABl0RVh0U29mdHdhcmUAQWRvYmUgSW1hZ2VSZWFkeXHJZTwAAAFwSURBVBgZpcG9apNhHMbh3/ORWiztpLSrQ86gmw6egkuXjE7i5CQ0OAZxUSj0DCxiB8/A07BDBXEoKEoGbaP45n/f9im+SwhCyXUl26wiPXjy9vG9+7svpjNv2ICEJUKBZWThCGTjCEJia627ODk5e/ru5d5h3b27ezBY38jb61zHxsUsDoDDOuucZ9NzrutX50yz//rUy4zffPT/PHz+3peotmjGR6f0JqMhven5b2JuYm7C4k+YOzubhIImY9PbvrXJoloqdZCpNzJra5Wbg0qjedDUUND7+v0ni0qGnAo1QSQTWTQK0VTLNJPRkGVKAiVwAnKiqNBIQVOloBkfndKbjIb0Us1UCRkyoMQVSTR53nX0dm5vsSgDKWdKyaScyIUr825OUx2i9+XbDxbllGgElJSwRGOJpkqimYyGLFNSoin8UwqNbJp69unz8aNX3Z4iUIiIQBLRdYyefUA2VuAwsrCERHPMpWSbVWRW9Bcyl/ydiZeC0gAAAABJRU5ErkJggg==', '2018-12-26 23:55:29', 'Lorem ipsum dolor sit amet, consectetuer adipiscing elit. Proin risus. Praesent lectus. Vestibulum quam sapien, varius ut, blandit non, interdum in, ante.');

SET IDENTITY_INSERT [post] OFF
SET IDENTITY_INSERT [commentaire] ON 

INSERT [commentaire] ([post_id], [user_id], [commentaire_id], [tagged_user_id], [message], [date_created]) VALUES (1, 1, 1, 1, N'Expanded demand-driven software', CAST(N'2019-06-11' AS Date))
INSERT [commentaire] ([post_id], [user_id], [commentaire_id], [tagged_user_id], [message], [date_created]) VALUES (2, 2, 2, 2, N'Visionary logistical leverage', CAST(N'2019-07-07' AS Date))
INSERT [commentaire] ([post_id], [user_id], [commentaire_id], [tagged_user_id], [message], [date_created]) VALUES (3, 3, 3, 3, N'Cloned regional product', CAST(N'2019-06-13' AS Date))
INSERT [commentaire] ([post_id], [user_id], [commentaire_id], [tagged_user_id], [message], [date_created]) VALUES (4, 4, 4, 4, N'Mandatory secondary migration', CAST(N'2019-05-30' AS Date))
INSERT [commentaire] ([post_id], [user_id], [commentaire_id], [tagged_user_id], [message], [date_created]) VALUES (5, 5, 5, 5, N'Multi-tiered disintermediate application', CAST(N'2019-05-18' AS Date))
INSERT [commentaire] ([post_id], [user_id], [commentaire_id], [tagged_user_id], [message], [date_created]) VALUES (6, 6, 6, 6, N'Upgradable incremental contingency', CAST(N'2019-06-20' AS Date))
INSERT [commentaire] ([post_id], [user_id], [commentaire_id], [tagged_user_id], [message], [date_created]) VALUES (7, 7, 7, 7, N'Quality-focused system-worthy intranet', CAST(N'2019-11-27' AS Date))
INSERT [commentaire] ([post_id], [user_id], [commentaire_id], [tagged_user_id], [message], [date_created]) VALUES (8, 8, 8, 8, N'Stand-alone system-worthy initiative', CAST(N'2019-11-19' AS Date))
INSERT [commentaire] ([post_id], [user_id], [commentaire_id], [tagged_user_id], [message], [date_created]) VALUES (9, 9, 9, 9, N'Future-proofed radical knowledge user', CAST(N'2019-04-22' AS Date))
INSERT [commentaire] ([post_id], [user_id], [commentaire_id], [tagged_user_id], [message], [date_created]) VALUES (10, 10, 10, 10, N'Cross-group radical core', CAST(N'2019-08-22' AS Date))
INSERT [commentaire] ([post_id], [user_id], [commentaire_id], [tagged_user_id], [message], [date_created]) VALUES (11, 11, 11, 11, N'Mandatory full-range conglomeration', CAST(N'2019-05-31' AS Date))
INSERT [commentaire] ([post_id], [user_id], [commentaire_id], [tagged_user_id], [message], [date_created]) VALUES (12, 12, 12, 12, N'Business-focused 24 hour attitude', CAST(N'2019-06-12' AS Date))
INSERT [commentaire] ([post_id], [user_id], [commentaire_id], [tagged_user_id], [message], [date_created]) VALUES (13, 13, 13, 13, N'Sharable cohesive analyzer', CAST(N'2019-12-04' AS Date))
INSERT [commentaire] ([post_id], [user_id], [commentaire_id], [tagged_user_id], [message], [date_created]) VALUES (14, 14, 14, 14, N'Integrated reciprocal ability', CAST(N'2019-04-01' AS Date))
INSERT [commentaire] ([post_id], [user_id], [commentaire_id], [tagged_user_id], [message], [date_created]) VALUES (15, 15, 15, 15, N'Realigned interactive methodology', CAST(N'2019-11-07' AS Date))
INSERT [commentaire] ([post_id], [user_id], [commentaire_id], [tagged_user_id], [message], [date_created]) VALUES (16, 16, 16, 16, N'Object-based responsive alliance', CAST(N'2019-07-02' AS Date))
INSERT [commentaire] ([post_id], [user_id], [commentaire_id], [tagged_user_id], [message], [date_created]) VALUES (17, 17, 17, 17, N'Upgradable real-time analyzer', CAST(N'2019-08-04' AS Date))
INSERT [commentaire] ([post_id], [user_id], [commentaire_id], [tagged_user_id], [message], [date_created]) VALUES (18, 18, 18, 18, N'Centralized asymmetric interface', CAST(N'2019-09-16' AS Date))
INSERT [commentaire] ([post_id], [user_id], [commentaire_id], [tagged_user_id], [message], [date_created]) VALUES (19, 19, 19, 19, N'Programmable 5th generation encoding', CAST(N'2019-07-01' AS Date))
INSERT [commentaire] ([post_id], [user_id], [commentaire_id], [tagged_user_id], [message], [date_created]) VALUES (20, 20, 20, 20, N'Digitized human-resource system engine', CAST(N'2019-06-27' AS Date))
INSERT [commentaire] ([post_id], [user_id], [commentaire_id], [tagged_user_id], [message], [date_created]) VALUES (21, 21, 21, 21, N'Team-oriented responsive application', CAST(N'2019-04-04' AS Date))
INSERT [commentaire] ([post_id], [user_id], [commentaire_id], [tagged_user_id], [message], [date_created]) VALUES (22, 22, 22, 22, N'Compatible neutral matrices', CAST(N'2019-12-05' AS Date))
INSERT [commentaire] ([post_id], [user_id], [commentaire_id], [tagged_user_id], [message], [date_created]) VALUES (23, 23, 23, 23, N'Synergized bi-directional benchmark', CAST(N'2019-07-17' AS Date))
INSERT [commentaire] ([post_id], [user_id], [commentaire_id], [tagged_user_id], [message], [date_created]) VALUES (24, 24, 24, 24, N'Grass-roots optimal function', CAST(N'2019-05-14' AS Date))
INSERT [commentaire] ([post_id], [user_id], [commentaire_id], [tagged_user_id], [message], [date_created]) VALUES (25, 25, 25, 25, N'Open-source transitional success', CAST(N'2019-08-14' AS Date))
INSERT [commentaire] ([post_id], [user_id], [commentaire_id], [tagged_user_id], [message], [date_created]) VALUES (26, 26, 26, 26, N'Down-sized tangible collaboration', CAST(N'2019-12-08' AS Date))
INSERT [commentaire] ([post_id], [user_id], [commentaire_id], [tagged_user_id], [message], [date_created]) VALUES (27, 27, 27, 27, N'Team-oriented value-added emulation', CAST(N'2019-07-27' AS Date))
INSERT [commentaire] ([post_id], [user_id], [commentaire_id], [tagged_user_id], [message], [date_created]) VALUES (28, 28, 28, 28, N'Re-engineered hybrid frame', CAST(N'2019-09-12' AS Date))
INSERT [commentaire] ([post_id], [user_id], [commentaire_id], [tagged_user_id], [message], [date_created]) VALUES (29, 29, 29, 29, N'Front-line fault-tolerant workforce', CAST(N'2019-10-31' AS Date))
INSERT [commentaire] ([post_id], [user_id], [commentaire_id], [tagged_user_id], [message], [date_created]) VALUES (30, 30, 30, 30, N'Optional high-level utilisation', CAST(N'2019-07-29' AS Date))
INSERT [commentaire] ([post_id], [user_id], [commentaire_id], [tagged_user_id], [message], [date_created]) VALUES (31, 31, 31, 31, N'Networked impactful open architecture', CAST(N'2020-01-24' AS Date))
INSERT [commentaire] ([post_id], [user_id], [commentaire_id], [tagged_user_id], [message], [date_created]) VALUES (32, 32, 32, 32, N'Fundamental 24 hour access', CAST(N'2019-12-18' AS Date))
INSERT [commentaire] ([post_id], [user_id], [commentaire_id], [tagged_user_id], [message], [date_created]) VALUES (33, 33, 33, 33, N'Digitized coherent software', CAST(N'2019-05-24' AS Date))
INSERT [commentaire] ([post_id], [user_id], [commentaire_id], [tagged_user_id], [message], [date_created]) VALUES (34, 34, 34, 34, N'Organized dynamic attitude', CAST(N'2019-05-15' AS Date))
INSERT [commentaire] ([post_id], [user_id], [commentaire_id], [tagged_user_id], [message], [date_created]) VALUES (35, 35, 35, 35, N'Persevering leading edge moderator', CAST(N'2019-12-20' AS Date))
INSERT [commentaire] ([post_id], [user_id], [commentaire_id], [tagged_user_id], [message], [date_created]) VALUES (36, 36, 36, 36, N'Synchronised well-modulated throughput', CAST(N'2020-02-17' AS Date))
INSERT [commentaire] ([post_id], [user_id], [commentaire_id], [tagged_user_id], [message], [date_created]) VALUES (37, 37, 37, 37, N'Innovative coherent workforce', CAST(N'2020-01-06' AS Date))
INSERT [commentaire] ([post_id], [user_id], [commentaire_id], [tagged_user_id], [message], [date_created]) VALUES (38, 38, 38, 38, N'Cross-platform empowering access', CAST(N'2020-02-24' AS Date))
INSERT [commentaire] ([post_id], [user_id], [commentaire_id], [tagged_user_id], [message], [date_created]) VALUES (39, 39, 39, 39, N'Object-based explicit hardware', CAST(N'2019-06-14' AS Date))
INSERT [commentaire] ([post_id], [user_id], [commentaire_id], [tagged_user_id], [message], [date_created]) VALUES (40, 40, 40, 40, N'Sharable dedicated methodology', CAST(N'2019-08-01' AS Date))
INSERT [commentaire] ([post_id], [user_id], [commentaire_id], [tagged_user_id], [message], [date_created]) VALUES (41, 41, 41, 41, N'Persistent full-range success', CAST(N'2019-08-13' AS Date))
INSERT [commentaire] ([post_id], [user_id], [commentaire_id], [tagged_user_id], [message], [date_created]) VALUES (42, 42, 42, 42, N'Automated intermediate implementation', CAST(N'2019-06-21' AS Date))
INSERT [commentaire] ([post_id], [user_id], [commentaire_id], [tagged_user_id], [message], [date_created]) VALUES (43, 43, 43, 43, N'Reverse-engineered mission-critical approach', CAST(N'2019-09-29' AS Date))
INSERT [commentaire] ([post_id], [user_id], [commentaire_id], [tagged_user_id], [message], [date_created]) VALUES (44, 44, 44, 44, N'Enterprise-wide 4th generation utilisation', CAST(N'2019-04-08' AS Date))
INSERT [commentaire] ([post_id], [user_id], [commentaire_id], [tagged_user_id], [message], [date_created]) VALUES (45, 45, 45, 45, N'Horizontal human-resource groupware', CAST(N'2019-09-09' AS Date))
INSERT [commentaire] ([post_id], [user_id], [commentaire_id], [tagged_user_id], [message], [date_created]) VALUES (46, 46, 46, 46, N'Organic heuristic system engine', CAST(N'2019-09-08' AS Date))
INSERT [commentaire] ([post_id], [user_id], [commentaire_id], [tagged_user_id], [message], [date_created]) VALUES (47, 47, 47, 47, N'Reverse-engineered reciprocal portal', CAST(N'2020-02-07' AS Date))
INSERT [commentaire] ([post_id], [user_id], [commentaire_id], [tagged_user_id], [message], [date_created]) VALUES (48, 48, 48, 48, N'Ameliorated explicit ability', CAST(N'2019-10-25' AS Date))
INSERT [commentaire] ([post_id], [user_id], [commentaire_id], [tagged_user_id], [message], [date_created]) VALUES (49, 49, 49, 49, N'Visionary background array', CAST(N'2019-09-13' AS Date))
INSERT [commentaire] ([post_id], [user_id], [commentaire_id], [tagged_user_id], [message], [date_created]) VALUES (50, 50, 50, 50, N'Organized multi-tasking middleware', CAST(N'2019-09-08' AS Date))
SET IDENTITY_INSERT [commentaire] OFF
INSERT [like] ([user_id], [post_id]) VALUES (1, 1)
INSERT [like] ([user_id], [post_id]) VALUES (2, 2)
INSERT [like] ([user_id], [post_id]) VALUES (3, 3)
INSERT [like] ([user_id], [post_id]) VALUES (4, 4)
INSERT [like] ([user_id], [post_id]) VALUES (5, 5)
INSERT [like] ([user_id], [post_id]) VALUES (6, 6)
INSERT [like] ([user_id], [post_id]) VALUES (7, 7)
INSERT [like] ([user_id], [post_id]) VALUES (8, 8)
INSERT [like] ([user_id], [post_id]) VALUES (9, 9)
INSERT [like] ([user_id], [post_id]) VALUES (10, 10)
INSERT [like] ([user_id], [post_id]) VALUES (11, 11)
INSERT [like] ([user_id], [post_id]) VALUES (12, 12)
INSERT [like] ([user_id], [post_id]) VALUES (13, 13)
INSERT [like] ([user_id], [post_id]) VALUES (14, 14)
INSERT [like] ([user_id], [post_id]) VALUES (15, 15)
INSERT [like] ([user_id], [post_id]) VALUES (16, 16)
INSERT [like] ([user_id], [post_id]) VALUES (17, 17)
INSERT [like] ([user_id], [post_id]) VALUES (18, 18)
INSERT [like] ([user_id], [post_id]) VALUES (19, 19)
INSERT [like] ([user_id], [post_id]) VALUES (20, 20)
INSERT [like] ([user_id], [post_id]) VALUES (21, 21)
INSERT [like] ([user_id], [post_id]) VALUES (22, 22)
INSERT [like] ([user_id], [post_id]) VALUES (23, 23)
INSERT [like] ([user_id], [post_id]) VALUES (24, 24)
INSERT [like] ([user_id], [post_id]) VALUES (25, 25)
INSERT [like] ([user_id], [post_id]) VALUES (26, 26)
INSERT [like] ([user_id], [post_id]) VALUES (27, 27)
INSERT [like] ([user_id], [post_id]) VALUES (28, 28)
INSERT [like] ([user_id], [post_id]) VALUES (29, 29)
INSERT [like] ([user_id], [post_id]) VALUES (30, 30)
INSERT [like] ([user_id], [post_id]) VALUES (31, 31)
INSERT [like] ([user_id], [post_id]) VALUES (32, 32)
INSERT [like] ([user_id], [post_id]) VALUES (33, 33)
INSERT [like] ([user_id], [post_id]) VALUES (34, 34)
INSERT [like] ([user_id], [post_id]) VALUES (35, 35)
INSERT [like] ([user_id], [post_id]) VALUES (36, 36)
INSERT [like] ([user_id], [post_id]) VALUES (37, 37)
INSERT [like] ([user_id], [post_id]) VALUES (38, 38)
INSERT [like] ([user_id], [post_id]) VALUES (39, 39)
INSERT [like] ([user_id], [post_id]) VALUES (40, 40)
INSERT [like] ([user_id], [post_id]) VALUES (41, 41)
INSERT [like] ([user_id], [post_id]) VALUES (42, 42)
INSERT [like] ([user_id], [post_id]) VALUES (43, 43)
INSERT [like] ([user_id], [post_id]) VALUES (44, 44)
INSERT [like] ([user_id], [post_id]) VALUES (45, 45)
INSERT [like] ([user_id], [post_id]) VALUES (46, 46)
INSERT [like] ([user_id], [post_id]) VALUES (47, 47)
INSERT [like] ([user_id], [post_id]) VALUES (48, 48)
INSERT [like] ([user_id], [post_id]) VALUES (49, 49)
INSERT [like] ([user_id], [post_id]) VALUES (50, 50)


ALTER DATABASE [FriendZone] SET  READ_WRITE 
GO
ALTER TABLE  [commentaire] WITH CHECK CHECK CONSTRAINT ALL
ALTER TABLE  [like] WITH CHECK CHECK CONSTRAINT ALL
ALTER TABLE  [post] WITH CHECK CHECK CONSTRAINT ALL

